{
	"credit": "Made with Blockbench",
	"texture_size": [32, 32],
	"textures": {
		"0": "item/guns/glock18",
		"particle": "item/guns/glock18"
	},
	"elements": [
		{
			"from": [7.5, 7.75, 0.25],
			"to": [7.75, 8.75, 2.5],
			"faces": {
				"north": {"uv": [10, 10, 10.25, 10.5], "texture": "#0"},
				"east": {"uv": [7.5, 4, 8.75, 4.5], "texture": "#0"},
				"south": {"uv": [0, 10.5, 0.25, 11], "texture": "#0"},
				"west": {"uv": [6.5, 7.5, 7.75, 8], "texture": "#0"},
				"up": {"uv": [6.75, 9.75, 6.5, 8.5], "texture": "#0"},
				"down": {"uv": [7.25, 8.5, 7, 9.75], "texture": "#0"}
			}
		},
		{
			"from": [7.75, 8.5, 0.25],
			"to": [8.25, 8.75, 2.5],
			"faces": {
				"north": {"uv": [4, 11, 4.25, 11.25], "texture": "#0"},
				"east": {"uv": [8.5, 5.5, 9.75, 5.75], "texture": "#0"},
				"south": {"uv": [11, 4, 11.25, 4.25], "texture": "#0"},
				"west": {"uv": [8.5, 6, 9.75, 6.25], "texture": "#0"},
				"up": {"uv": [7.75, 9.75, 7.5, 8.5], "texture": "#0"},
				"down": {"uv": [8.25, 8.5, 8, 9.75], "texture": "#0"}
			}
		},
		{
			"from": [8.25, 7.75, 0.25],
			"to": [8.5, 8.75, 2.5],
			"faces": {
				"north": {"uv": [10.5, 0, 10.75, 0.5], "texture": "#0"},
				"east": {"uv": [0, 8, 1.25, 8.5], "texture": "#0"},
				"south": {"uv": [0.5, 10.5, 0.75, 11], "texture": "#0"},
				"west": {"uv": [1.5, 8, 2.75, 8.5], "texture": "#0"},
				"up": {"uv": [8.75, 9.25, 8.5, 8], "texture": "#0"},
				"down": {"uv": [0.25, 9, 0, 10.25], "texture": "#0"}
			}
		},
		{
			"from": [7.75, 7.75, 0.25],
			"to": [8.25, 8, 2.5],
			"faces": {
				"north": {"uv": [4.5, 11, 4.75, 11.25], "texture": "#0"},
				"east": {"uv": [2, 9, 3.25, 9.25], "texture": "#0"},
				"south": {"uv": [5, 11, 5.25, 11.25], "texture": "#0"},
				"west": {"uv": [9, 3, 10.25, 3.25], "texture": "#0"},
				"up": {"uv": [0.75, 10.25, 0.5, 9], "texture": "#0"},
				"down": {"uv": [1.25, 9, 1, 10.25], "texture": "#0"}
			}
		},
		{
			"from": [6.75, 7, 0.5],
			"to": [9.25, 7.5, 10],
			"faces": {
				"north": {"uv": [3.5, 9, 4.75, 9.25], "texture": "#0"},
				"east": {"uv": [6.5, 4.5, 11.25, 4.75], "texture": "#0"},
				"south": {"uv": [9, 3.5, 10.25, 3.75], "texture": "#0"},
				"west": {"uv": [6.5, 5, 11.25, 5.25], "texture": "#0"},
				"up": {"uv": [1.25, 4.75, 0, 0], "texture": "#0"},
				"down": {"uv": [2.75, 0, 1.5, 4.75], "texture": "#0"}
			}
		},
		{
			"from": [7.8125, 9, 0.5],
			"to": [8.0665, 9.25, 1.5],
			"faces": {
				"north": {"uv": [10.5, 0.5, 10.75, 0.75], "texture": "#0"},
				"east": {"uv": [9, 7, 9.5, 7.25], "texture": "#0"},
				"south": {"uv": [1, 10.5, 1.25, 10.75], "texture": "#0"},
				"west": {"uv": [9.5, 4, 10, 4.25], "texture": "#0"},
				"up": {"uv": [10.25, 4.5, 10, 4], "texture": "#0"},
				"down": {"uv": [10.25, 9.5, 10, 10], "texture": "#0"}
			}
		},
		{
			"from": [8.0625, 9, 9.5],
			"to": [8.3165, 9.25, 9.75],
			"faces": {
				"north": {"uv": [10.5, 1, 10.75, 1.25], "texture": "#0"},
				"east": {"uv": [10.5, 1.5, 10.75, 1.75], "texture": "#0"},
				"south": {"uv": [2, 10.5, 2.25, 10.75], "texture": "#0"},
				"west": {"uv": [10.5, 2, 10.75, 2.25], "texture": "#0"},
				"up": {"uv": [2.75, 10.75, 2.5, 10.5], "texture": "#0"},
				"down": {"uv": [10.75, 2.5, 10.5, 2.75], "texture": "#0"}
			}
		},
		{
			"from": [7.5625, 9, 9.5],
			"to": [7.8165, 9.25, 9.75],
			"faces": {
				"north": {"uv": [3, 10.5, 3.25, 10.75], "texture": "#0"},
				"east": {"uv": [10.5, 3, 10.75, 3.25], "texture": "#0"},
				"south": {"uv": [3.5, 10.5, 3.75, 10.75], "texture": "#0"},
				"west": {"uv": [10.5, 3.5, 10.75, 3.75], "texture": "#0"},
				"up": {"uv": [4.25, 10.75, 4, 10.5], "texture": "#0"},
				"down": {"uv": [10.75, 4, 10.5, 4.25], "texture": "#0"}
			}
		},
		{
			"from": [7.8125, 9.25, 0.5],
			"to": [8.0665, 9.5, 0.75],
			"faces": {
				"north": {"uv": [4.5, 10.5, 4.75, 10.75], "texture": "#0"},
				"east": {"uv": [5, 10.5, 5.25, 10.75], "texture": "#0"},
				"south": {"uv": [10.5, 5.5, 10.75, 5.75], "texture": "#0"},
				"west": {"uv": [10.5, 6, 10.75, 6.25], "texture": "#0"},
				"up": {"uv": [10.75, 6.75, 10.5, 6.5], "texture": "#0"},
				"down": {"uv": [10.75, 7, 10.5, 7.25], "texture": "#0"}
			}
		},
		{
			"from": [7.8125, 7, -6.18],
			"to": [8.0665, 7.25, -5.68],
			"rotation": {"angle": 45, "axis": "x", "origin": [0, 0, 0]},
			"faces": {
				"north": {"uv": [10.5, 7.5, 10.75, 7.75], "texture": "#0"},
				"east": {"uv": [10.5, 8, 10.75, 8.25], "texture": "#0"},
				"south": {"uv": [8.5, 10.5, 8.75, 10.75], "texture": "#0"},
				"west": {"uv": [10.5, 8.5, 10.75, 8.75], "texture": "#0"},
				"up": {"uv": [10.75, 9.25, 10.5, 9], "texture": "#0"},
				"down": {"uv": [9.75, 10.5, 9.5, 10.75], "texture": "#0"}
			}
		},
		{
			"from": [9, 7.5, 7.75],
			"to": [9.25, 7.75, 10],
			"faces": {
				"north": {"uv": [10.5, 9.5, 10.75, 9.75], "texture": "#0"},
				"east": {"uv": [8, 7.5, 9.25, 7.75], "texture": "#0"},
				"south": {"uv": [10, 10.5, 10.25, 10.75], "texture": "#0"},
				"west": {"uv": [0, 8.5, 1.25, 8.75], "texture": "#0"},
				"up": {"uv": [5.25, 9.25, 5, 8], "texture": "#0"},
				"down": {"uv": [1.75, 8.5, 1.5, 9.75], "texture": "#0"}
			}
		},
		{
			"from": [9, 7.75, 9.5],
			"to": [9.25, 9, 10],
			"faces": {
				"north": {"uv": [9, 8, 9.25, 8.75], "texture": "#0"},
				"east": {"uv": [9, 9, 9.25, 9.75], "texture": "#0"},
				"south": {"uv": [9.5, 0, 9.75, 0.75], "texture": "#0"},
				"west": {"uv": [9.5, 1, 9.75, 1.75], "texture": "#0"},
				"up": {"uv": [10.75, 10.25, 10.5, 10], "texture": "#0"},
				"down": {"uv": [10.75, 10.5, 10.5, 10.75], "texture": "#0"}
			}
		},
		{
			"from": [9, 7.75, 8],
			"to": [9.25, 9, 8.25],
			"faces": {
				"north": {"uv": [2, 9.5, 2.25, 10.25], "texture": "#0"},
				"east": {"uv": [9.5, 2, 9.75, 2.75], "texture": "#0"},
				"south": {"uv": [2.5, 9.5, 2.75, 10.25], "texture": "#0"},
				"west": {"uv": [3, 9.5, 3.25, 10.25], "texture": "#0"},
				"up": {"uv": [0.25, 11.25, 0, 11], "texture": "#0"},
				"down": {"uv": [11.25, 0, 11, 0.25], "texture": "#0"}
			}
		},
		{
			"from": [9, 7.75, 8.5],
			"to": [9.25, 9, 8.75],
			"faces": {
				"north": {"uv": [3.5, 9.5, 3.75, 10.25], "texture": "#0"},
				"east": {"uv": [4, 9.5, 4.25, 10.25], "texture": "#0"},
				"south": {"uv": [4.5, 9.5, 4.75, 10.25], "texture": "#0"},
				"west": {"uv": [5, 9.5, 5.25, 10.25], "texture": "#0"},
				"up": {"uv": [0.75, 11.25, 0.5, 11], "texture": "#0"},
				"down": {"uv": [11.25, 0.5, 11, 0.75], "texture": "#0"}
			}
		},
		{
			"from": [9, 7.75, 9],
			"to": [9.25, 9, 9.25],
			"faces": {
				"north": {"uv": [9.5, 6.5, 9.75, 7.25], "texture": "#0"},
				"east": {"uv": [9.5, 7.5, 9.75, 8.25], "texture": "#0"},
				"south": {"uv": [8.5, 9.5, 8.75, 10.25], "texture": "#0"},
				"west": {"uv": [9.5, 8.5, 9.75, 9.25], "texture": "#0"},
				"up": {"uv": [1.25, 11.25, 1, 11], "texture": "#0"},
				"down": {"uv": [11.25, 1, 11, 1.25], "texture": "#0"}
			}
		},
		{
			"from": [7, 7.5, 7.75],
			"to": [9, 9, 10],
			"faces": {
				"north": {"uv": [5.5, 7.5, 6.5, 8.25], "texture": "#0"},
				"east": {"uv": [6.5, 6.5, 7.75, 7.25], "texture": "#0"},
				"south": {"uv": [7.5, 5.5, 8.5, 6.25], "texture": "#0"},
				"west": {"uv": [0, 7, 1.25, 7.75], "texture": "#0"},
				"up": {"uv": [6.5, 6.25, 5.5, 5], "texture": "#0"},
				"down": {"uv": [7.5, 3, 6.5, 4.25], "texture": "#0"}
			}
		},
		{
			"from": [6.75, 7.5, 0.5],
			"to": [9.25, 9, 7.75],
			"faces": {
				"north": {"uv": [1.5, 7, 2.75, 7.75], "texture": "#0"},
				"east": {"uv": [5.5, 0, 9.25, 0.75], "texture": "#0"},
				"south": {"uv": [7.5, 3, 8.75, 3.75], "texture": "#0"},
				"west": {"uv": [5.5, 1, 9.25, 1.75], "texture": "#0"},
				"up": {"uv": [4.25, 3.75, 3, 0], "texture": "#0"},
				"down": {"uv": [4.25, 4, 3, 7.75], "texture": "#0"}
			}
		},
		{
			"from": [6.75, 7.75, 9.5],
			"to": [7, 9, 10],
			"faces": {
				"north": {"uv": [9.5, 9.5, 9.75, 10.25], "texture": "#0"},
				"east": {"uv": [10, 0, 10.25, 0.75], "texture": "#0"},
				"south": {"uv": [10, 1, 10.25, 1.75], "texture": "#0"},
				"west": {"uv": [1.5, 10, 1.75, 10.75], "texture": "#0"},
				"up": {"uv": [1.75, 11.25, 1.5, 11], "texture": "#0"},
				"down": {"uv": [11.25, 1.5, 11, 1.75], "texture": "#0"}
			}
		},
		{
			"from": [6.75, 7.5, 7.75],
			"to": [7, 7.75, 10],
			"faces": {
				"north": {"uv": [2, 11, 2.25, 11.25], "texture": "#0"},
				"east": {"uv": [2, 8.5, 3.25, 8.75], "texture": "#0"},
				"south": {"uv": [11, 2, 11.25, 2.25], "texture": "#0"},
				"west": {"uv": [3.5, 8.5, 4.75, 8.75], "texture": "#0"},
				"up": {"uv": [5.75, 9.75, 5.5, 8.5], "texture": "#0"},
				"down": {"uv": [6.25, 8.5, 6, 9.75], "texture": "#0"}
			}
		},
		{
			"from": [6.75, 7.75, 9],
			"to": [7, 9, 9.25],
			"faces": {
				"north": {"uv": [10, 2, 10.25, 2.75], "texture": "#0"},
				"east": {"uv": [5.5, 10, 5.75, 10.75], "texture": "#0"},
				"south": {"uv": [10, 5.5, 10.25, 6.25], "texture": "#0"},
				"west": {"uv": [6, 10, 6.25, 10.75], "texture": "#0"},
				"up": {"uv": [2.75, 11.25, 2.5, 11], "texture": "#0"},
				"down": {"uv": [11.25, 2.5, 11, 2.75], "texture": "#0"}
			}
		},
		{
			"from": [6.75, 7.75, 8.5],
			"to": [7, 9, 8.75],
			"faces": {
				"north": {"uv": [6.5, 10, 6.75, 10.75], "texture": "#0"},
				"east": {"uv": [10, 6.5, 10.25, 7.25], "texture": "#0"},
				"south": {"uv": [7, 10, 7.25, 10.75], "texture": "#0"},
				"west": {"uv": [7.5, 10, 7.75, 10.75], "texture": "#0"},
				"up": {"uv": [3.25, 11.25, 3, 11], "texture": "#0"},
				"down": {"uv": [11.25, 3, 11, 3.25], "texture": "#0"}
			}
		},
		{
			"from": [6.75, 7.75, 8],
			"to": [7, 9, 8.25],
			"faces": {
				"north": {"uv": [10, 7.5, 10.25, 8.25], "texture": "#0"},
				"east": {"uv": [8, 10, 8.25, 10.75], "texture": "#0"},
				"south": {"uv": [10, 8.5, 10.25, 9.25], "texture": "#0"},
				"west": {"uv": [9, 10, 9.25, 10.75], "texture": "#0"},
				"up": {"uv": [3.75, 11.25, 3.5, 11], "texture": "#0"},
				"down": {"uv": [11.25, 3.5, 11, 3.75], "texture": "#0"}
			}
		},
		{
			"from": [7, 6, 0.75],
			"to": [9, 7, 8.75],
			"faces": {
				"north": {"uv": [3, 8, 4, 8.5], "texture": "#0"},
				"east": {"uv": [5.5, 2, 9.5, 2.5], "texture": "#0"},
				"south": {"uv": [4, 8, 5, 8.5], "texture": "#0"},
				"west": {"uv": [5.5, 2.5, 9.5, 3], "texture": "#0"},
				"up": {"uv": [5.5, 4, 4.5, 0], "texture": "#0"},
				"down": {"uv": [5.5, 4, 4.5, 8], "texture": "#0"}
			}
		},
		{
			"from": [7.1, -1, 9],
			"to": [8.9, 3, 11],
			"rotation": {"angle": -22.5, "axis": "x", "origin": [0, 0, 0]},
			"faces": {
				"north": {"uv": [0, 5, 1, 7], "texture": "#0"},
				"east": {"uv": [1, 5, 2, 7], "texture": "#0"},
				"south": {"uv": [2, 5, 3, 7], "texture": "#0"},
				"west": {"uv": [5.5, 3, 6.5, 5], "texture": "#0"},
				"up": {"uv": [6.5, 7.5, 5.5, 6.5], "texture": "#0"},
				"down": {"uv": [7.5, 5.5, 6.5, 6.5], "texture": "#0"}
			}
		},
		{
			"from": [7.105, 9, 5],
			"to": [8.895, 10.2, 6],
			"rotation": {"angle": 22.5, "axis": "x", "origin": [0, 0, 0]},
			"faces": {
				"north": {"uv": [6.5, 8, 7.5, 8.5], "texture": "#0"},
				"east": {"uv": [9, 4, 9.5, 4.5], "texture": "#0"},
				"south": {"uv": [8, 6.5, 9, 7], "texture": "#0"},
				"west": {"uv": [9, 6.5, 9.5, 7], "texture": "#0"},
				"up": {"uv": [9, 7.5, 8, 7], "texture": "#0"},
				"down": {"uv": [8.5, 8, 7.5, 8.5], "texture": "#0"}
			}
		}
	],
	"display": {
		"thirdperson_righthand": {
			"rotation": [62.64, 1.8, 1.45],
			"translation": [0, 1.75, 3.75],
			"scale": [0.7, 0.75, 0.75]
		},
		"firstperson_righthand": {
			"translation": [0.75, 12, -0.75],
			"scale": [0.7, 0.75, 0.75]
		},
		"gui": {
			"rotation": [63, 47, -87],
			"translation": [2.5, -1.25, 0]
		}
	},
	"groups": [
		{
			"name": "group",
			"origin": [0, 0, 0],
			"color": 0,
			"children": [0, 1, 2, 3]
		},
		4,
		{
			"name": "group",
			"origin": [0, 0, 0],
			"color": 0,
			"children": [5, 6, 7, 8, 9, 10, 11, 12, 13, 14, 15, 16, 17, 18, 19, 20, 21]
		},
		22,
		23,
		24
	]
}