{
	"credit": "Made with Blockbench",
	"texture_size": [32, 32],
	"textures": {
		"0": "item/guns/m4a1x16",
		"1": "item/guns/fire",
		"particle": "item/guns/m4a1x16"
	},
	"elements": [
		{
			"from": [7.1, -2, 9],
			"to": [8.9, 3, 11],
			"rotation": {"angle": -22.5, "axis": "x", "origin": [0, 0, 0]},
			"faces": {
				"north": {"uv": [4.5, 2, 5.5, 4.5], "texture": "#0"},
				"east": {"uv": [3.5, 4.5, 4.5, 7], "texture": "#0"},
				"south": {"uv": [4.5, 4.5, 5.5, 7], "texture": "#0"},
				"west": {"uv": [2, 5, 3, 7.5], "texture": "#0"},
				"up": {"uv": [9, 9, 8, 8], "texture": "#0"},
				"down": {"uv": [9.5, 2.5, 8.5, 3.5], "texture": "#0"}
			}
		},
		{
			"from": [7.1, 9, 4],
			"to": [8.9, 11, 6],
			"rotation": {"angle": 22.5, "axis": "x", "origin": [0, 0, 0]},
			"faces": {
				"north": {"uv": [4, 8.5, 5, 9.5], "texture": "#0"},
				"east": {"uv": [6, 8.5, 7, 9.5], "texture": "#0"},
				"south": {"uv": [7, 8.5, 8, 9.5], "texture": "#0"},
				"west": {"uv": [0, 9, 1, 10], "texture": "#0"},
				"up": {"uv": [10, 4.5, 9, 3.5], "texture": "#0"},
				"down": {"uv": [10, 4.5, 9, 5.5], "texture": "#0"}
			}
		},
		{
			"from": [7.1, 7.75, 7.75],
			"to": [8.9, 8.75, 9.75],
			"faces": {
				"north": {"uv": [10, 5, 11, 5.5], "texture": "#0"},
				"east": {"uv": [8, 10, 9, 10.5], "texture": "#0"},
				"south": {"uv": [10, 8, 11, 8.5], "texture": "#0"},
				"west": {"uv": [10, 8.5, 11, 9], "texture": "#0"},
				"up": {"uv": [9, 10, 8, 9], "texture": "#0"},
				"down": {"uv": [10, 8, 9, 9], "texture": "#0"}
			}
		},
		{
			"from": [7.5, 7.25, 10.75],
			"to": [8.5, 8.25, 14.75],
			"faces": {
				"north": {"uv": [5, 11, 5.5, 11.5], "texture": "#0"},
				"east": {"uv": [9, 9, 11, 9.5], "texture": "#0"},
				"south": {"uv": [11, 5, 11.5, 5.5], "texture": "#0"},
				"west": {"uv": [9.5, 0, 11.5, 0.5], "texture": "#0"},
				"up": {"uv": [2.5, 5, 2, 3], "texture": "#0"},
				"down": {"uv": [4.5, 9.5, 4, 11.5], "texture": "#0"}
			}
		},
		{
			"from": [7.5, 11.25, 8],
			"to": [8.5, 12.25, 10.5],
			"rotation": {"angle": 22.5, "axis": "x", "origin": [0, 0, 0]},
			"faces": {
				"north": {"uv": [11, 5.5, 11.5, 6], "texture": "#0"},
				"east": {"uv": [10, 2, 11.5, 2.5], "texture": "#0"},
				"south": {"uv": [11, 6, 11.5, 6.5], "texture": "#0"},
				"west": {"uv": [10, 3.5, 11.5, 4], "texture": "#0"},
				"up": {"uv": [7.5, 11, 7, 9.5], "texture": "#0"},
				"down": {"uv": [8, 9.5, 7.5, 11], "texture": "#0"}
			}
		},
		{
			"from": [7.5, 6.25, 14],
			"to": [8.5, 7.25, 14.75],
			"faces": {
				"north": {"uv": [7, 11, 7.5, 11.5], "texture": "#0"},
				"east": {"uv": [11, 7, 11.5, 7.5], "texture": "#0"},
				"south": {"uv": [7.5, 11, 8, 11.5], "texture": "#0"},
				"west": {"uv": [11, 7.5, 11.5, 8], "texture": "#0"},
				"up": {"uv": [11.5, 8.5, 11, 8], "texture": "#0"},
				"down": {"uv": [11.5, 8.5, 11, 9], "texture": "#0"}
			}
		},
		{
			"from": [11.1, -0.25, 9.75],
			"to": [12.1, 0.75, 14.75],
			"rotation": {"angle": 45, "axis": "z", "origin": [0, 0, 0]},
			"faces": {
				"north": {"uv": [11, 9, 11.5, 9.5], "texture": "#0"},
				"east": {"uv": [8, 6, 10.5, 6.5], "texture": "#0"},
				"south": {"uv": [11, 9.5, 11.5, 10], "texture": "#0"},
				"west": {"uv": [8, 6.5, 10.5, 7], "texture": "#0"},
				"up": {"uv": [3, 10, 2.5, 7.5], "texture": "#0"},
				"down": {"uv": [1.5, 8, 1, 10.5], "texture": "#0"}
			}
		},
		{
			"from": [11.6, -0.75, 4],
			"to": [12.6, 0.25, 8.99],
			"rotation": {"angle": 45, "axis": "z", "origin": [0, 0, 0]},
			"faces": {
				"north": {"uv": [10, 11, 10.5, 11.5], "texture": "#0"},
				"east": {"uv": [8, 7, 10.5, 7.5], "texture": "#0"},
				"south": {"uv": [11, 10, 11.5, 10.5], "texture": "#0"},
				"west": {"uv": [8, 7.5, 10.5, 8], "texture": "#0"},
				"up": {"uv": [2, 10.5, 1.5, 8], "texture": "#0"},
				"down": {"uv": [3.5, 8, 3, 10.5], "texture": "#0"}
			}
		},
		{
			"from": [10.6, 0.25, 6.5],
			"to": [11.6, 1.25, 8.99],
			"rotation": {"angle": 45, "axis": "z", "origin": [0, 0, 0]},
			"faces": {
				"north": {"uv": [10.5, 11, 11, 11.5], "texture": "#0"},
				"east": {"uv": [9, 10, 10, 10.5], "texture": "#0"},
				"south": {"uv": [11, 10.5, 11.5, 11], "texture": "#0"},
				"west": {"uv": [10, 10, 11, 10.5], "texture": "#0"},
				"up": {"uv": [3, 11, 2.5, 10], "texture": "#0"},
				"down": {"uv": [4, 10, 3.5, 11], "texture": "#0"}
			}
		},
		{
			"from": [11.1375, -0.885, -2],
			"to": [11.8445, -0.178, 4],
			"rotation": {"angle": 45, "axis": "z", "origin": [0, 0, 0]},
			"faces": {
				"north": {"uv": [11, 11, 11.5, 11.5], "texture": "#0"},
				"east": {"uv": [5.5, 2.5, 8.5, 3], "texture": "#0"},
				"south": {"uv": [0, 11.5, 0.5, 12], "texture": "#0"},
				"west": {"uv": [5.5, 3, 8.5, 3.5], "texture": "#0"},
				"up": {"uv": [3.5, 8, 3, 5], "texture": "#0"},
				"down": {"uv": [6, 3.5, 5.5, 6.5], "texture": "#0"}
			}
		},
		{
			"from": [10.435, -0.17, -2],
			"to": [11.142, 0.537, 4],
			"rotation": {"angle": 45, "axis": "z", "origin": [0, 0, 0]},
			"faces": {
				"north": {"uv": [11.5, 0, 12, 0.5], "texture": "#0"},
				"east": {"uv": [6, 3.5, 9, 4], "texture": "#0"},
				"south": {"uv": [0.5, 11.5, 1, 12], "texture": "#0"},
				"west": {"uv": [6, 4, 9, 4.5], "texture": "#0"},
				"up": {"uv": [0.5, 9, 0, 6], "texture": "#0"},
				"down": {"uv": [1, 6, 0.5, 9], "texture": "#0"}
			}
		},
		{
			"from": [11.8475, -0.1775, -2],
			"to": [12.5545, 0.5295, 4],
			"rotation": {"angle": 45, "axis": "z", "origin": [0, 0, 0]},
			"faces": {
				"north": {"uv": [11.5, 0.5, 12, 1], "texture": "#0"},
				"east": {"uv": [6, 4.5, 9, 5], "texture": "#0"},
				"south": {"uv": [1, 11.5, 1.5, 12], "texture": "#0"},
				"west": {"uv": [6, 5, 9, 5.5], "texture": "#0"},
				"up": {"uv": [6.5, 8.5, 6, 5.5], "texture": "#0"},
				"down": {"uv": [6, 6.5, 5.5, 9.5], "texture": "#0"}
			}
		},
		{
			"from": [11.125, 0.525, -2],
			"to": [11.832, 1.232, 4],
			"rotation": {"angle": 45, "axis": "z", "origin": [0, 0, 0]},
			"faces": {
				"north": {"uv": [11.5, 1, 12, 1.5], "texture": "#0"},
				"east": {"uv": [6.5, 0, 9.5, 0.5], "texture": "#0"},
				"south": {"uv": [1.5, 11.5, 2, 12], "texture": "#0"},
				"west": {"uv": [6.5, 0.5, 9.5, 1], "texture": "#0"},
				"up": {"uv": [7, 8.5, 6.5, 5.5], "texture": "#0"},
				"down": {"uv": [4, 7, 3.5, 10], "texture": "#0"}
			}
		},
		{
			"from": [7, 6, 4],
			"to": [9, 8.75, 9],
			"faces": {
				"north": {"uv": [6.5, 1, 7.5, 2.5], "texture": "#0"},
				"east": {"uv": [0, 0, 2.5, 1.5], "texture": "#0"},
				"south": {"uv": [4, 7, 5, 8.5], "texture": "#0"},
				"west": {"uv": [0, 1.5, 2.5, 3], "texture": "#0"},
				"up": {"uv": [6.5, 2.5, 5.5, 0], "texture": "#0"},
				"down": {"uv": [2, 5.5, 1, 8], "texture": "#0"}
			}
		},
		{
			"from": [6.9, 7.75, 4],
			"to": [7, 8.75, 6],
			"rotation": {"angle": 45, "axis": "z", "origin": [7, 7.75, 5]},
			"faces": {
				"north": {"uv": [11.5, 1.5, 12, 2], "texture": "#0"},
				"east": {"uv": [1, 10.5, 2, 11], "texture": "#0"},
				"south": {"uv": [2, 11.5, 2.5, 12], "texture": "#0"},
				"west": {"uv": [10.5, 1, 11.5, 1.5], "texture": "#0"},
				"up": {"uv": [5.5, 11, 5, 10], "texture": "#0"},
				"down": {"uv": [2.5, 10.5, 2, 11.5], "texture": "#0"}
			}
		},
		{
			"from": [7.5, 4, 4],
			"to": [8.5, 6, 6],
			"faces": {
				"north": {"uv": [10.5, 2.5, 11, 3.5], "texture": "#0"},
				"east": {"uv": [9.5, 2.5, 10.5, 3.5], "texture": "#0"},
				"south": {"uv": [3, 10.5, 3.5, 11.5], "texture": "#0"},
				"west": {"uv": [5.5, 9.5, 6.5, 10.5], "texture": "#0"},
				"up": {"uv": [6, 11.5, 5.5, 10.5], "texture": "#0"},
				"down": {"uv": [11, 5.5, 10.5, 6.5], "texture": "#0"}
			}
		},
		{
			"from": [7.5, 4.75, 6],
			"to": [8.5, 5, 8],
			"faces": {
				"north": {"uv": [11.5, 2, 12, 2.5], "texture": "#0"},
				"east": {"uv": [10.5, 1.5, 11.5, 2], "texture": "#0"},
				"south": {"uv": [11.5, 2.5, 12, 3], "texture": "#0"},
				"west": {"uv": [10.5, 6.5, 11.5, 7], "texture": "#0"},
				"up": {"uv": [6.5, 11.5, 6, 10.5], "texture": "#0"},
				"down": {"uv": [11, 7, 10.5, 8], "texture": "#0"}
			}
		},
		{
			"from": [7.5, 3, 2],
			"to": [8.5, 6, 4],
			"rotation": {"angle": 22.5, "axis": "x", "origin": [0, 0, 0]},
			"faces": {
				"north": {"uv": [0, 10, 0.5, 11.5], "texture": "#0"},
				"east": {"uv": [7, 5.5, 8, 7], "texture": "#0"},
				"south": {"uv": [0.5, 10, 1, 11.5], "texture": "#0"},
				"west": {"uv": [7, 7, 8, 8.5], "texture": "#0"},
				"up": {"uv": [8.5, 11.5, 8, 10.5], "texture": "#0"},
				"down": {"uv": [9, 10.5, 8.5, 11.5], "texture": "#0"}
			}
		},
		{
			"from": [7.5, 7.25, -2],
			"to": [8.5, 9.25, 4],
			"faces": {
				"north": {"uv": [9, 10.5, 9.5, 11.5], "texture": "#0"},
				"east": {"uv": [2.5, 0, 5.5, 1], "texture": "#0"},
				"south": {"uv": [9.5, 10.5, 10, 11.5], "texture": "#0"},
				"west": {"uv": [2.5, 1, 5.5, 2], "texture": "#0"},
				"up": {"uv": [5.5, 10, 5, 7], "texture": "#0"},
				"down": {"uv": [2.5, 7.5, 2, 10.5], "texture": "#0"}
			}
		},
		{
			"from": [11.1, -0.15, -6],
			"to": [11.85, 0.6, -2],
			"rotation": {"angle": 45, "axis": "z", "origin": [0, 0, 0]},
			"faces": {
				"north": {"uv": [3, 11.5, 3.5, 12], "texture": "#0"},
				"east": {"uv": [9.5, 0.5, 11.5, 1], "texture": "#0"},
				"south": {"uv": [11.5, 3, 12, 3.5], "texture": "#0"},
				"west": {"uv": [9, 9.5, 11, 10], "texture": "#0"},
				"up": {"uv": [5, 11.5, 4.5, 9.5], "texture": "#0"},
				"down": {"uv": [7, 9.5, 6.5, 11.5], "texture": "#0"}
			}
		},
		{
			"from": [7, 7.75, -2],
			"to": [9, 8.75, 4],
			"faces": {
				"north": {"uv": [10, 10.5, 11, 11], "texture": "#0"},
				"east": {"uv": [7.5, 1, 10.5, 1.5], "texture": "#0"},
				"south": {"uv": [1, 11, 2, 11.5], "texture": "#0"},
				"west": {"uv": [7.5, 1.5, 10.5, 2], "texture": "#0"},
				"up": {"uv": [3.5, 5, 2.5, 2], "texture": "#0"},
				"down": {"uv": [1, 3, 0, 6], "texture": "#0"}
			}
		},
		{
			"from": [7.25, 8.75, 4],
			"to": [8.75, 9.25, 9],
			"faces": {
				"north": {"uv": [10, 4, 11, 4.5], "texture": "#0"},
				"east": {"uv": [7.5, 2, 10, 2.5], "texture": "#0"},
				"south": {"uv": [10, 4.5, 11, 5], "texture": "#0"},
				"west": {"uv": [8, 5.5, 10.5, 6], "texture": "#0"},
				"up": {"uv": [2, 5.5, 1, 3], "texture": "#0"},
				"down": {"uv": [4.5, 2, 3.5, 4.5], "texture": "#0"}
			}
		},
		{
			"from": [7.6, 9.25, 8],
			"to": [8.35, 9.75, 9],
			"faces": {
				"north": {"uv": [11.5, 3.5, 12, 4], "texture": "#0"},
				"east": {"uv": [4, 11.5, 4.5, 12], "texture": "#0"},
				"south": {"uv": [11.5, 4, 12, 4.5], "texture": "#0"},
				"west": {"uv": [4.5, 11.5, 5, 12], "texture": "#0"},
				"up": {"uv": [12, 5, 11.5, 4.5], "texture": "#0"},
				"down": {"uv": [5.5, 11.5, 5, 12], "texture": "#0"}
			}
		},
		{
			"from": [7.6, 9.75, 8],
			"to": [7.85, 10.25, 9],
			"faces": {
				"north": {"uv": [11.5, 5, 12, 5.5], "texture": "#0"},
				"east": {"uv": [5.5, 11.5, 6, 12], "texture": "#0"},
				"south": {"uv": [11.5, 5.5, 12, 6], "texture": "#0"},
				"west": {"uv": [6, 11.5, 6.5, 12], "texture": "#0"},
				"up": {"uv": [12, 6.5, 11.5, 6], "texture": "#0"},
				"down": {"uv": [7, 11.5, 6.5, 12], "texture": "#0"}
			}
		},
		{
			"from": [8.1, 9.75, 8],
			"to": [8.35, 10.25, 9],
			"faces": {
				"north": {"uv": [11.5, 6.5, 12, 7], "texture": "#0"},
				"east": {"uv": [7, 11.5, 7.5, 12], "texture": "#0"},
				"south": {"uv": [11.5, 7, 12, 7.5], "texture": "#0"},
				"west": {"uv": [7.5, 11.5, 8, 12], "texture": "#0"},
				"up": {"uv": [12, 8, 11.5, 7.5], "texture": "#0"},
				"down": {"uv": [8.5, 11.5, 8, 12], "texture": "#0"}
			}
		},
		{
			"from": [7.85, 8.5, -3],
			"to": [8.1, 9, -2],
			"faces": {
				"north": {"uv": [11.5, 8, 12, 8.5], "texture": "#0"},
				"east": {"uv": [8.5, 11.5, 9, 12], "texture": "#0"},
				"south": {"uv": [11.5, 8.5, 12, 9], "texture": "#0"},
				"west": {"uv": [9, 11.5, 9.5, 12], "texture": "#0"},
				"up": {"uv": [12, 9.5, 11.5, 9], "texture": "#0"},
				"down": {"uv": [10, 11.5, 9.5, 12], "texture": "#0"}
			}
		},
		{
			"from": [7.85, 9, -3],
			"to": [8.1, 10, -2.75],
			"faces": {
				"north": {"uv": [11.5, 9.5, 12, 10], "texture": "#0"},
				"east": {"uv": [10, 11.5, 10.5, 12], "texture": "#0"},
				"south": {"uv": [11.5, 10, 12, 10.5], "texture": "#0"},
				"west": {"uv": [10.5, 11.5, 11, 12], "texture": "#0"},
				"up": {"uv": [12, 11, 11.5, 10.5], "texture": "#0"},
				"down": {"uv": [11.5, 11.5, 11, 12], "texture": "#0"}
			}
		},
		{
			"from": [7.85, 7.5, 4.75],
			"to": [8.1, 9, 5],
			"rotation": {"angle": -45, "axis": "x", "origin": [0, 0, 0]},
			"faces": {
				"north": {"uv": [2.5, 11, 3, 12], "texture": "#0"},
				"east": {"uv": [11, 2.5, 11.5, 3.5], "texture": "#0"},
				"south": {"uv": [3.5, 11, 4, 12], "texture": "#0"},
				"west": {"uv": [11, 4, 11.5, 5], "texture": "#0"},
				"up": {"uv": [12, 11.5, 11.5, 11], "texture": "#0"},
				"down": {"uv": [12, 11.5, 11.5, 12], "texture": "#0"}
			}
		},
		{
			"from": [5.5, 5.75, -7],
			"to": [10.5, 10.75, -7],
			"faces": {
				"north": {"uv": [0, 0, 5, 5], "texture": "#1"},
				"east": {"uv": [0, 0, 0, 5], "texture": "#1"},
				"south": {"uv": [0, 5, 5, 10], "texture": "#1"},
				"west": {"uv": [0, 0, 0, 5], "texture": "#1"},
				"up": {"uv": [5, 0, 0, 0], "texture": "#1"},
				"down": {"uv": [5, 0, 0, 0], "texture": "#1"}
			}
		}
	],
	"display": {
		"thirdperson_righthand": {
			"rotation": [71, 0, 0],
			"translation": [0, -0.25, 3.75]
		},
		"firstperson_righthand": {
			"translation": [0, 13, 0],
			"scale": [0.9, 1, 1.2]
		},
		"gui": {
			"rotation": [63, 47, -87],
			"translation": [2.5, -1.25, 0]
		},
		"head": {
			"rotation": [0, 0, 85]
		}
	}
}