{
	"credit": "Made with Blockbench",
	"textures": {
		"0": "item/guns/m4a1",
		"1": "item/guns/fire",
		"particle": "item/guns/m4a1"
	},
	"elements": [
		{
			"from": [7.1, -2, 9],
			"to": [8.9, 3, 11],
			"rotation": {"angle": -22.5, "axis": "x", "origin": [0, 0, 0]},
			"faces": {
				"north": {"uv": [4, 1, 5, 3.5], "texture": "#0"},
				"east": {"uv": [4, 1, 5, 3.5], "texture": "#0"},
				"south": {"uv": [4, 1, 5, 3.5], "texture": "#0"},
				"west": {"uv": [4, 1, 5, 3.5], "texture": "#0"},
				"up": {"uv": [4, 1, 5, 3.5], "texture": "#0"},
				"down": {"uv": [4, 1, 5, 3.5], "texture": "#0"}
			}
		},
		{
			"from": [7.1, 9, 4],
			"to": [8.9, 11, 6],
			"rotation": {"angle": 22.5, "axis": "x", "origin": [0, 0, 0]},
			"faces": {
				"north": {"uv": [7, 4.5, 8, 5.5], "texture": "#0"},
				"east": {"uv": [7, 4.5, 8, 5.5], "texture": "#0"},
				"south": {"uv": [7, 4.5, 8, 5.5], "texture": "#0"},
				"west": {"uv": [7, 4.5, 8, 5.5], "texture": "#0"},
				"up": {"uv": [7, 4.5, 8, 5.5], "texture": "#0"},
				"down": {"uv": [7, 4.5, 8, 5.5], "texture": "#0"}
			}
		},
		{
			"from": [7.1, 7.75, 7.75],
			"to": [8.9, 8.75, 9.75],
			"faces": {
				"north": {"uv": [1, 9.5, 2, 10], "texture": "#0"},
				"east": {"uv": [1, 9.5, 2, 10], "texture": "#0"},
				"south": {"uv": [1, 9.5, 2, 10], "texture": "#0"},
				"west": {"uv": [1, 9.5, 2, 10], "texture": "#0"},
				"up": {"uv": [1, 9.5, 2, 10], "texture": "#0"},
				"down": {"uv": [1, 9.5, 2, 10], "texture": "#0"}
			}
		},
		{
			"from": [7.5, 7.25, 10.75],
			"to": [8.5, 8.25, 14.75],
			"faces": {
				"north": {"uv": [8, 3.5, 10, 4], "texture": "#0"},
				"east": {"uv": [8, 3.5, 10, 4], "texture": "#0"},
				"south": {"uv": [8, 3.5, 10, 4], "texture": "#0"},
				"west": {"uv": [8, 3.5, 10, 4], "texture": "#0"},
				"up": {"uv": [8, 3.5, 10, 4], "texture": "#0"},
				"down": {"uv": [8, 3.5, 10, 4], "texture": "#0"}
			}
		},
		{
			"from": [7.5, 11.25, 8],
			"to": [8.5, 12.25, 10.5],
			"rotation": {"angle": 22.5, "axis": "x", "origin": [0, 0, 0]},
			"faces": {
				"north": {"uv": [9, 2.5, 10.25, 3], "texture": "#0"},
				"east": {"uv": [9, 2.5, 10.25, 3], "texture": "#0"},
				"south": {"uv": [9, 2.5, 10.25, 3], "texture": "#0"},
				"west": {"uv": [9, 2.5, 10.25, 3], "texture": "#0"},
				"up": {"uv": [9, 2.5, 10.25, 3], "texture": "#0"},
				"down": {"uv": [9, 2.5, 10.25, 3], "texture": "#0"}
			}
		},
		{
			"from": [7.5, 6.25, 14],
			"to": [8.5, 7.25, 14.75],
			"faces": {
				"north": {"uv": [7.5, 10.5, 8, 11], "texture": "#0"},
				"east": {"uv": [7.5, 10.5, 8, 11], "texture": "#0"},
				"south": {"uv": [7.5, 10.5, 8, 11], "texture": "#0"},
				"west": {"uv": [7.5, 10.5, 8, 11], "texture": "#0"},
				"up": {"uv": [7.5, 10.5, 8, 11], "texture": "#0"},
				"down": {"uv": [7.5, 10.5, 8, 11], "texture": "#0"}
			}
		},
		{
			"from": [11.1, -0.25, 9.75],
			"to": [12.1, 0.75, 14.75],
			"rotation": {"angle": 45, "axis": "z", "origin": [0, 0, 0]},
			"faces": {
				"north": {"uv": [6, 6.5, 8.5, 7], "texture": "#0"},
				"east": {"uv": [6, 6.5, 8.5, 7], "texture": "#0"},
				"south": {"uv": [6, 6.5, 8.5, 7], "texture": "#0"},
				"west": {"uv": [6, 6.5, 8.5, 7], "texture": "#0"},
				"up": {"uv": [6, 6.5, 8.5, 7], "texture": "#0"},
				"down": {"uv": [6, 6.5, 8.5, 7], "texture": "#0"}
			}
		},
		{
			"from": [11.6, -0.75, 4],
			"to": [12.6, 0.25, 8.99],
			"rotation": {"angle": 45, "axis": "z", "origin": [0, 0, 0]},
			"faces": {
				"north": {"uv": [6.5, 0, 9.25, 0.5], "texture": "#0"},
				"east": {"uv": [6.5, 0, 9.25, 0.5], "texture": "#0"},
				"south": {"uv": [6.5, 0, 9.25, 0.5], "texture": "#0"},
				"west": {"uv": [6.5, 0, 9.25, 0.5], "texture": "#0"},
				"up": {"uv": [6.5, 0, 9.25, 0.5], "texture": "#0"},
				"down": {"uv": [6.5, 0, 9.25, 0.5], "texture": "#0"}
			}
		},
		{
			"from": [10.6, 0.25, 6.5],
			"to": [11.6, 1.25, 8.99],
			"rotation": {"angle": 45, "axis": "z", "origin": [0, 0, 0]},
			"faces": {
				"north": {"uv": [9, 7.5, 10.25, 8], "texture": "#0"},
				"east": {"uv": [9, 7.5, 10.25, 8], "texture": "#0"},
				"south": {"uv": [9, 7.5, 10.25, 8], "texture": "#0"},
				"west": {"uv": [9, 7.5, 10.25, 8], "texture": "#0"},
				"up": {"uv": [9, 7.5, 10.25, 8], "texture": "#0"},
				"down": {"uv": [9, 7.5, 10.25, 8], "texture": "#0"}
			}
		},
		{
			"from": [11.1375, -0.885, -2],
			"to": [11.8445, -0.178, 4],
			"rotation": {"angle": 45, "axis": "z", "origin": [0, 0, 0]},
			"faces": {
				"north": {"uv": [8.5, 4.5, 11.5, 4.75], "texture": "#0"},
				"east": {"uv": [8.5, 4.5, 11.5, 4.75], "texture": "#0"},
				"south": {"uv": [8.5, 4.5, 11.5, 4.75], "texture": "#0"},
				"west": {"uv": [8.5, 4.5, 11.5, 4.75], "texture": "#0"},
				"up": {"uv": [8.5, 4.5, 11.5, 4.75], "texture": "#0"},
				"down": {"uv": [8.5, 4.5, 11.5, 4.75], "texture": "#0"}
			}
		},
		{
			"from": [10.435, -0.17, -2],
			"to": [11.142, 0.537, 4],
			"rotation": {"angle": 45, "axis": "z", "origin": [0, 0, 0]},
			"faces": {
				"north": {"uv": [9, 1, 12, 1.25], "texture": "#0"},
				"east": {"uv": [9, 1, 12, 1.25], "texture": "#0"},
				"south": {"uv": [9, 1, 12, 1.25], "texture": "#0"},
				"west": {"uv": [9, 1, 12, 1.25], "texture": "#0"},
				"up": {"uv": [9, 1, 12, 1.25], "texture": "#0"},
				"down": {"uv": [9, 1, 12, 1.25], "texture": "#0"}
			}
		},
		{
			"from": [11.8475, -0.1775, -2],
			"to": [12.5545, 0.5295, 4],
			"rotation": {"angle": 45, "axis": "z", "origin": [0, 0, 0]},
			"faces": {
				"north": {"uv": [8.5, 6, 11.5, 6.25], "texture": "#0"},
				"east": {"uv": [8.5, 6, 11.5, 6.25], "texture": "#0"},
				"south": {"uv": [8.5, 6, 11.5, 6.25], "texture": "#0"},
				"west": {"uv": [8.5, 6, 11.5, 6.25], "texture": "#0"},
				"up": {"uv": [8.5, 6, 11.5, 6.25], "texture": "#0"},
				"down": {"uv": [8.5, 6, 11.5, 6.25], "texture": "#0"}
			}
		},
		{
			"from": [11.125, 0.525, -2],
			"to": [11.832, 1.232, 4],
			"rotation": {"angle": 45, "axis": "z", "origin": [0, 0, 0]},
			"faces": {
				"north": {"uv": [8.5, 5, 11.5, 5.25], "texture": "#0"},
				"east": {"uv": [8.5, 5, 11.5, 5.25], "texture": "#0"},
				"south": {"uv": [8.5, 5, 11.5, 5.25], "texture": "#0"},
				"west": {"uv": [8.5, 5, 11.5, 5.25], "texture": "#0"},
				"up": {"uv": [8.5, 5, 11.5, 5.25], "texture": "#0"},
				"down": {"uv": [8.5, 5, 11.5, 5.25], "texture": "#0"}
			}
		},
		{
			"from": [7, 6, 4],
			"to": [9, 8.75, 9],
			"faces": {
				"north": {"uv": [0, 0, 2.5, 1.5], "texture": "#0"},
				"east": {"uv": [0, 0, 2.5, 1.5], "texture": "#0"},
				"south": {"uv": [0, 0, 2.5, 1.5], "texture": "#0"},
				"west": {"uv": [0, 0, 2.5, 1.5], "texture": "#0"},
				"up": {"uv": [0, 0, 2.5, 1.5], "texture": "#0"},
				"down": {"uv": [0, 0, 2.5, 1.5], "texture": "#0"}
			}
		},
		{
			"from": [9.425, 4.725, 4.25],
			"to": [9.525, 5.475, 6.25],
			"rotation": {"angle": 22.5, "axis": "z", "origin": [0, 0, 0]},
			"faces": {
				"north": {"uv": [0, 0, 2.5, 1.5], "texture": "#0"},
				"east": {"uv": [0, 0, 2.5, 1.5], "texture": "#0"},
				"south": {"uv": [0, 0, 2.5, 1.5], "texture": "#0"},
				"west": {"uv": [0, 12, 2.5, 13.5], "texture": "#0"},
				"up": {"uv": [0, 0, 2.5, 1.5], "texture": "#0"},
				"down": {"uv": [0, 0, 2.5, 1.5], "texture": "#0"}
			}
		},
		{
			"from": [7.5, 4, 4],
			"to": [8.5, 6, 6],
			"faces": {
				"north": {"uv": [8, 7.5, 9, 8.5], "texture": "#0"},
				"east": {"uv": [8, 7.5, 9, 8.5], "texture": "#0"},
				"south": {"uv": [8, 7.5, 9, 8.5], "texture": "#0"},
				"west": {"uv": [8, 7.5, 9, 8.5], "texture": "#0"},
				"up": {"uv": [8, 7.5, 9, 8.5], "texture": "#0"},
				"down": {"uv": [8, 7.5, 9, 8.5], "texture": "#0"}
			}
		},
		{
			"from": [7.5, 4.75, 6],
			"to": [8.5, 5, 8],
			"faces": {
				"north": {"uv": [11, 0.5, 12, 0.75], "texture": "#0"},
				"east": {"uv": [11, 0.5, 12, 0.75], "texture": "#0"},
				"south": {"uv": [11, 0.5, 12, 0.75], "texture": "#0"},
				"west": {"uv": [11, 0.5, 12, 0.75], "texture": "#0"},
				"up": {"uv": [11, 0.5, 12, 0.75], "texture": "#0"},
				"down": {"uv": [11, 0.5, 12, 0.75], "texture": "#0"}
			}
		},
		{
			"from": [7.5, 3, 2],
			"to": [8.5, 6, 4],
			"rotation": {"angle": 22.5, "axis": "x", "origin": [0, 0, 0]},
			"faces": {
				"north": {"uv": [5, 6, 6, 7.5], "texture": "#0"},
				"east": {"uv": [5, 6, 6, 7.5], "texture": "#0"},
				"south": {"uv": [5, 6, 6, 7.5], "texture": "#0"},
				"west": {"uv": [5, 6, 6, 7.5], "texture": "#0"},
				"up": {"uv": [5, 6, 6, 7.5], "texture": "#0"},
				"down": {"uv": [5, 6, 6, 7.5], "texture": "#0"}
			}
		},
		{
			"from": [7.5, 7.25, -2],
			"to": [8.5, 9.25, 4],
			"faces": {
				"north": {"uv": [1, 3, 4, 4], "texture": "#0"},
				"east": {"uv": [1, 3, 4, 4], "texture": "#0"},
				"south": {"uv": [1, 3, 4, 4], "texture": "#0"},
				"west": {"uv": [1, 3, 4, 4], "texture": "#0"},
				"up": {"uv": [1, 3, 4, 4], "texture": "#0"},
				"down": {"uv": [1, 3, 4, 4], "texture": "#0"}
			}
		},
		{
			"from": [11.1, -0.15, -6],
			"to": [11.85, 0.6, -2],
			"rotation": {"angle": 45, "axis": "z", "origin": [0, 0, 0]},
			"faces": {
				"north": {"uv": [6, 8, 8, 8.5], "texture": "#0"},
				"east": {"uv": [6, 8, 8, 8.5], "texture": "#0"},
				"south": {"uv": [6, 8, 8, 8.5], "texture": "#0"},
				"west": {"uv": [6, 8, 8, 8.5], "texture": "#0"},
				"up": {"uv": [6, 8, 8, 8.5], "texture": "#0"},
				"down": {"uv": [6, 8, 8, 8.5], "texture": "#0"}
			}
		},
		{
			"from": [7, 7.75, -2],
			"to": [9, 8.75, 4],
			"faces": {
				"north": {"uv": [6, 1, 9, 1.5], "texture": "#0"},
				"east": {"uv": [6, 1, 9, 1.5], "texture": "#0"},
				"south": {"uv": [6, 1, 9, 1.5], "texture": "#0"},
				"west": {"uv": [6, 1, 9, 1.5], "texture": "#0"},
				"up": {"uv": [6, 1, 9, 1.5], "texture": "#0"},
				"down": {"uv": [6, 1, 9, 1.5], "texture": "#0"}
			}
		},
		{
			"from": [7.25, 8.75, 4],
			"to": [8.75, 9.25, 9],
			"faces": {
				"north": {"uv": [9, 8.5, 11.5, 8.75], "texture": "#0"},
				"east": {"uv": [9, 8.5, 11.5, 8.75], "texture": "#0"},
				"south": {"uv": [9, 8.5, 11.5, 8.75], "texture": "#0"},
				"west": {"uv": [9, 8.5, 11.5, 8.75], "texture": "#0"},
				"up": {"uv": [9, 8.5, 11.5, 8.75], "texture": "#0"},
				"down": {"uv": [9, 8.5, 11.5, 8.75], "texture": "#0"}
			}
		},
		{
			"from": [7.6, 9.25, 8],
			"to": [8.35, 9.75, 9],
			"faces": {
				"north": {"uv": [9, 11, 9.5, 11.25], "texture": "#0"},
				"east": {"uv": [9, 11, 9.5, 11.25], "texture": "#0"},
				"south": {"uv": [9, 11, 9.5, 11.25], "texture": "#0"},
				"west": {"uv": [9, 11, 9.5, 11.25], "texture": "#0"},
				"up": {"uv": [9, 11, 9.5, 11.25], "texture": "#0"},
				"down": {"uv": [9, 11, 9.5, 11.25], "texture": "#0"}
			}
		},
		{
			"from": [7.6, 9.75, 8],
			"to": [7.85, 10.25, 9],
			"faces": {
				"north": {"uv": [10, 11, 10.5, 11.25], "texture": "#0"},
				"east": {"uv": [10, 11, 10.5, 11.25], "texture": "#0"},
				"south": {"uv": [10, 11, 10.5, 11.25], "texture": "#0"},
				"west": {"uv": [10, 11, 10.5, 11.25], "texture": "#0"},
				"up": {"uv": [10, 11, 10.5, 11.25], "texture": "#0"},
				"down": {"uv": [10, 11, 10.5, 11.25], "texture": "#0"}
			}
		},
		{
			"from": [8.1, 9.75, 8],
			"to": [8.35, 10.25, 9],
			"faces": {
				"north": {"uv": [11, 11, 11.5, 11.25], "texture": "#0"},
				"east": {"uv": [11, 11, 11.5, 11.25], "texture": "#0"},
				"south": {"uv": [11, 11, 11.5, 11.25], "texture": "#0"},
				"west": {"uv": [11, 11, 11.5, 11.25], "texture": "#0"},
				"up": {"uv": [11, 11, 11.5, 11.25], "texture": "#0"},
				"down": {"uv": [11, 11, 11.5, 11.25], "texture": "#0"}
			}
		},
		{
			"from": [7.85, 8.5, -3],
			"to": [8.1, 9, -2],
			"faces": {
				"north": {"uv": [11.5, 2.5, 12, 2.75], "texture": "#0"},
				"east": {"uv": [11.5, 2.5, 12, 2.75], "texture": "#0"},
				"south": {"uv": [11.5, 2.5, 12, 2.75], "texture": "#0"},
				"west": {"uv": [11.5, 2.5, 12, 2.75], "texture": "#0"},
				"up": {"uv": [11.5, 2.5, 12, 2.75], "texture": "#0"},
				"down": {"uv": [11.5, 2.5, 12, 2.75], "texture": "#0"}
			}
		},
		{
			"from": [7.85, 9, -3],
			"to": [8.1, 10, -2.75],
			"faces": {
				"north": {"uv": [5, 11.5, 5.25, 12], "texture": "#0"},
				"east": {"uv": [5, 11.5, 5.25, 12], "texture": "#0"},
				"south": {"uv": [5, 11.5, 5.25, 12], "texture": "#0"},
				"west": {"uv": [5, 11.5, 5.25, 12], "texture": "#0"},
				"up": {"uv": [5, 11.5, 5.25, 12], "texture": "#0"},
				"down": {"uv": [5, 11.5, 5.25, 12], "texture": "#0"}
			}
		},
		{
			"from": [7.85, 7.5, 4.75],
			"to": [8.1, 9, 5],
			"rotation": {"angle": -45, "axis": "x", "origin": [0, 0, 0]},
			"faces": {
				"north": {"uv": [6, 11, 6.25, 11.75], "texture": "#0"},
				"east": {"uv": [6, 11, 6.25, 11.75], "texture": "#0"},
				"south": {"uv": [6, 11, 6.25, 11.75], "texture": "#0"},
				"west": {"uv": [6, 11, 6.25, 11.75], "texture": "#0"},
				"up": {"uv": [6, 11, 6.25, 11.75], "texture": "#0"},
				"down": {"uv": [6, 11, 6.25, 11.75], "texture": "#0"}
			}
		},
		{
			"from": [5.5, 5.75, -8],
			"to": [10.5, 10.75, -8],
			"faces": {
				"north": {"uv": [0, 0, 5, 5], "texture": "#1"},
				"east": {"uv": [0, 0, 0, 5], "texture": "#1"},
				"south": {"uv": [0, 5, 5, 10], "texture": "#1"},
				"west": {"uv": [0, 0, 0, 5], "texture": "#1"},
				"up": {"uv": [5, 0, 0, 0], "texture": "#1"},
				"down": {"uv": [5, 0, 0, 0], "texture": "#1"}
			}
		}
	],
	"display": {
		"thirdperson_righthand": {
			"rotation": [71, 0, 0],
			"translation": [0, -0.25, 3.75]
		},
		"firstperson_righthand": {
			"translation": [0, 13, 0],
			"scale": [1.2, 1.2, 1.2]
		}
	}
}