{
	"credit": "Made with Blockbench",
	"texture_size": [162, 96],
	"textures": {
		"0": "block/map_assets/mudstone_village/cargo_boxes/blue_cargo"
	},
	"elements": [
		{
			"from": [-14.68, 0.84, 2.12],
			"to": [30.68, 19.32, 20.6],
			"rotation": {"angle": 0, "axis": "y", "origin": [8, 0, 8]},
			"faces": {
				"north": {"uv": [0.19753, 0.33333, 10.8642, 7.66667], "texture": "#0"},
				"east": {"uv": [11.45679, 8.33333, 15.80247, 15.66667], "texture": "#0"},
				"south": {"uv": [0.19753, 0.33333, 10.8642, 7.66667], "texture": "#0"},
				"west": {"uv": [11.45679, 0.33333, 15.80247, 7.66667], "texture": "#0"},
				"up": {"uv": [10.8642, 8.33333, 0.19753, 15.66667], "texture": "#0"},
				"down": {"uv": [10.8642, 8.33333, 0.19753, 15.66667], "texture": "#0"}
			}
		},
		{
			"from": [-14.68, 19.32, 20.6],
			"to": [30.68, 20.16, 21.44],
			"rotation": {"angle": 0, "axis": "y", "origin": [8, 0, 8]},
			"faces": {
				"north": {"uv": [0, 0.33333, 11.06173, 0], "texture": "#0"},
				"east": {"uv": [0, 0, 0.19753, 0.33333], "texture": "#0"},
				"south": {"uv": [0.19753, 0, 10.8642, 0.33333], "texture": "#0"},
				"west": {"uv": [0, 0, 0.19753, 0.33333], "texture": "#0"},
				"up": {"uv": [0, 0.33333, 11.06173, 0], "texture": "#0"},
				"down": {"uv": [0, 0.33333, 11.06173, 0], "texture": "#0"}
			}
		},
		{
			"from": [-14.68, 19.32, 1.28],
			"to": [30.68, 20.16, 2.12],
			"rotation": {"angle": 0, "axis": "y", "origin": [8, 0, 8]},
			"faces": {
				"north": {"uv": [10.8642, 0, 0.19753, 0.33333], "texture": "#0"},
				"east": {"uv": [0.19753, 0, 0, 0.33333], "texture": "#0"},
				"south": {"uv": [11.06173, 0.33333, 0, 0], "texture": "#0"},
				"west": {"uv": [0.19753, 0, 0, 0.33333], "texture": "#0"},
				"up": {"uv": [0, 0, 11.06173, 0.33333], "texture": "#0"},
				"down": {"uv": [0, 0, 11.06173, 0.33333], "texture": "#0"}
			}
		},
		{
			"from": [-14.68, 0, 1.28],
			"to": [30.68, 0.84, 2.12],
			"rotation": {"angle": 0, "axis": "y", "origin": [8, 0, 8]},
			"faces": {
				"north": {"uv": [10.8642, 0.33333, 0.19753, 0], "texture": "#0"},
				"east": {"uv": [0.19753, 0.33333, 0, 0], "texture": "#0"},
				"south": {"uv": [11.06173, 0, 0, 0.33333], "texture": "#0"},
				"west": {"uv": [0.19753, 0.33333, 0, 0], "texture": "#0"},
				"up": {"uv": [0, 0.33333, 11.06173, 0], "texture": "#0"},
				"down": {"uv": [0, 0.33333, 11.06173, 0], "texture": "#0"}
			}
		},
		{
			"from": [-14.68, 0, 20.6],
			"to": [30.68, 0.84, 21.44],
			"rotation": {"angle": 0, "axis": "y", "origin": [8, 0, 8]},
			"faces": {
				"north": {"uv": [10.8642, 0, 0.19753, 0.33333], "texture": "#0"},
				"east": {"uv": [0.19753, 0, 0, 0.33333], "texture": "#0"},
				"south": {"uv": [11.06173, 0.33333, 0, 0], "texture": "#0"},
				"west": {"uv": [0.19753, 0, 0, 0.33333], "texture": "#0"},
				"up": {"uv": [0, 0, 11.06173, 0.33333], "texture": "#0"},
				"down": {"uv": [0, 0, 11.06173, 0.33333], "texture": "#0"}
			}
		},
		{
			"from": [-15.52, 19.32, 1.28],
			"to": [-14.68, 20.16, 21.44],
			"rotation": {"angle": 0, "axis": "y", "origin": [8, 0, 8]},
			"faces": {
				"north": {"uv": [11.25926, 0, 11.45679, 0.33333], "texture": "#0"},
				"east": {"uv": [11.25926, 0.33333, 16, 0], "texture": "#0"},
				"south": {"uv": [11.25926, 0, 11.45679, 0.33333], "texture": "#0"},
				"west": {"uv": [11.25926, 0, 16, 0.33333], "texture": "#0"},
				"up": {"uv": [11.25926, 0.33333, 16, 0], "rotation": 90, "texture": "#0"},
				"down": {"uv": [11.25926, 0, 16, 0.33333], "rotation": 90, "texture": "#0"}
			}
		},
		{
			"from": [-15.52, 0, 1.28],
			"to": [-14.68, 0.84, 21.44],
			"rotation": {"angle": 0, "axis": "y", "origin": [8, 0, 8]},
			"faces": {
				"north": {"uv": [11.25926, 0, 11.45679, 0.33333], "texture": "#0"},
				"east": {"uv": [11.25926, 0.33333, 16, 0], "texture": "#0"},
				"south": {"uv": [11.25926, 0, 11.45679, 0.33333], "texture": "#0"},
				"west": {"uv": [11.25926, 0, 16, 0.33333], "texture": "#0"},
				"up": {"uv": [11.25926, 0.33333, 16, 0], "rotation": 90, "texture": "#0"},
				"down": {"uv": [11.25926, 0, 16, 0.33333], "rotation": 90, "texture": "#0"}
			}
		},
		{
			"from": [-15.52, 0.84, 1.28],
			"to": [-14.68, 19.32, 2.12],
			"rotation": {"angle": 0, "axis": "y", "origin": [8, 0, 8]},
			"faces": {
				"north": {"uv": [11.25926, 0.33333, 11.45679, 7.66667], "texture": "#0"},
				"east": {"uv": [11.25926, 0.33333, 11.45679, 7.66667], "texture": "#0"},
				"south": {"uv": [11.45679, 0.33333, 11.25926, 7.66667], "texture": "#0"},
				"west": {"uv": [11.25926, 0.33333, 11.45679, 7.66667], "texture": "#0"},
				"up": {"uv": [11.25926, 0, 11.45679, 0.33333], "texture": "#0"},
				"down": {"uv": [11.25926, 0, 11.45679, 0.33333], "texture": "#0"}
			}
		},
		{
			"from": [-15.52, 0.84, 20.6],
			"to": [-14.68, 19.32, 21.44],
			"rotation": {"angle": 0, "axis": "y", "origin": [8, 0, 8]},
			"faces": {
				"north": {"uv": [16, 0.33333, 15.80247, 7.66667], "texture": "#0"},
				"east": {"uv": [15.80247, 0.33333, 16, 7.66667], "texture": "#0"},
				"south": {"uv": [15.80247, 0.33333, 16, 7.66667], "texture": "#0"},
				"west": {"uv": [15.80247, 0.33333, 16, 7.66667], "texture": "#0"},
				"up": {"uv": [15.80247, 0, 16, 0.33333], "texture": "#0"},
				"down": {"uv": [15.80247, 0, 16, 0.33333], "texture": "#0"}
			}
		},
		{
			"from": [30.68, 19.32, 1.28],
			"to": [31.52, 20.16, 21.44],
			"rotation": {"angle": 0, "axis": "y", "origin": [8, 0, 8]},
			"faces": {
				"north": {"uv": [11.45679, 0, 11.25926, 0.33333], "texture": "#0"},
				"east": {"uv": [16, 0, 11.25926, 0.33333], "texture": "#0"},
				"south": {"uv": [11.45679, 0, 11.25926, 0.33333], "texture": "#0"},
				"west": {"uv": [16, 0.33333, 11.25926, 0], "texture": "#0"},
				"up": {"uv": [11.25926, 0, 16, 0.33333], "rotation": 90, "texture": "#0"},
				"down": {"uv": [11.25926, 0.33333, 16, 0], "rotation": 90, "texture": "#0"}
			}
		},
		{
			"from": [30.68, 0.84, 20.6],
			"to": [31.52, 19.32, 21.44],
			"rotation": {"angle": 0, "axis": "y", "origin": [8, 0, 8]},
			"faces": {
				"north": {"uv": [15.80247, 0.33333, 16, 7.66667], "texture": "#0"},
				"east": {"uv": [16, 0.33333, 15.80247, 7.66667], "texture": "#0"},
				"south": {"uv": [16, 0.33333, 15.80247, 7.66667], "texture": "#0"},
				"west": {"uv": [16, 0.33333, 15.80247, 7.66667], "texture": "#0"},
				"up": {"uv": [16, 0, 15.80247, 0.33333], "texture": "#0"},
				"down": {"uv": [16, 0, 15.80247, 0.33333], "texture": "#0"}
			}
		},
		{
			"from": [30.68, 0, 1.28],
			"to": [31.52, 0.84, 21.44],
			"rotation": {"angle": 0, "axis": "y", "origin": [8, 0, 8]},
			"faces": {
				"north": {"uv": [11.45679, 0, 11.25926, 0.33333], "texture": "#0"},
				"east": {"uv": [16, 0, 11.25926, 0.33333], "texture": "#0"},
				"south": {"uv": [11.45679, 0, 11.25926, 0.33333], "texture": "#0"},
				"west": {"uv": [16, 0.33333, 11.25926, 0], "texture": "#0"},
				"up": {"uv": [11.25926, 0, 16, 0.33333], "rotation": 90, "texture": "#0"},
				"down": {"uv": [11.25926, 0.33333, 16, 0], "rotation": 90, "texture": "#0"}
			}
		},
		{
			"from": [30.68, 0.84, 1.28],
			"to": [31.52, 19.32, 2.12],
			"rotation": {"angle": 0, "axis": "y", "origin": [8, 0, 8]},
			"faces": {
				"north": {"uv": [11.45679, 0.33333, 11.25926, 7.66667], "texture": "#0"},
				"east": {"uv": [11.45679, 0.33333, 11.25926, 7.66667], "texture": "#0"},
				"south": {"uv": [11.25926, 0.33333, 11.45679, 7.66667], "texture": "#0"},
				"west": {"uv": [11.45679, 0.33333, 11.25926, 7.66667], "texture": "#0"},
				"up": {"uv": [11.45679, 0, 11.25926, 0.33333], "texture": "#0"},
				"down": {"uv": [11.45679, 0, 11.25926, 0.33333], "texture": "#0"}
			}
		}
	]
}