{
	"credit": "Made with Blockbench",
	"texture_size": [98, 96],
	"textures": {
		"0": "block/map_assets/mudstone_village/cargo_boxes/green_cargo",
		"particle": "block/map_assets/mudstone_village/cargo_boxes/green_cargo"
	},
	"elements": [
		{
			"from": [-15, -15, -15],
			"to": [31, 31, 31],
			"rotation": {"angle": 0, "axis": "y", "origin": [8, 0, 8]},
			"faces": {
				"north": {"uv": [0.32158, 0.33333, 7.50526, 7.66667], "texture": "#0"},
				"east": {"uv": [0.32158, 8.33333, 7.50526, 15.66667], "texture": "#0"},
				"south": {"uv": [0.32158, 0.33333, 7.50526, 7.66667], "texture": "#0"},
				"west": {"uv": [8.4898, 0.33333, 15.67347, 7.66667], "texture": "#0"},
				"up": {"uv": [7.50526, 8.33333, 0.32158, 15.66667], "texture": "#0"},
				"down": {"uv": [7.50526, 8.33333, 0.32158, 15.66667], "texture": "#0"}
			}
		},
		{
			"from": [-16, 30, 30],
			"to": [32, 32, 32],
			"rotation": {"angle": 0, "axis": "y", "origin": [8, 0, 8]},
			"faces": {
				"north": {"uv": [0, 0.33333, 7.83673, 0], "texture": "#0"},
				"east": {"uv": [8.16327, 0, 8.4898, 0.33333], "texture": "#0"},
				"south": {"uv": [0, 0, 7.83673, 0.33333], "texture": "#0"},
				"west": {"uv": [8.16327, 0, 8.4898, 0.33333], "texture": "#0"},
				"up": {"uv": [0, 0.33333, 7.83673, 0], "texture": "#0"},
				"down": {"uv": [0, 0.33333, 7.83673, 0], "texture": "#0"}
			}
		},
		{
			"from": [-16, 30, -16],
			"to": [32, 32, -14],
			"rotation": {"angle": 0, "axis": "y", "origin": [8, 0, 8]},
			"faces": {
				"north": {"uv": [7.83673, 0, 0, 0.33333], "texture": "#0"},
				"east": {"uv": [8.4898, 0, 8.16327, 0.33333], "texture": "#0"},
				"south": {"uv": [7.83673, 0.33333, 0, 0], "texture": "#0"},
				"west": {"uv": [8.4898, 0, 8.16327, 0.33333], "texture": "#0"},
				"up": {"uv": [0, 0, 7.83673, 0.33333], "texture": "#0"},
				"down": {"uv": [0, 0, 7.83673, 0.33333], "texture": "#0"}
			}
		},
		{
			"from": [-16, -16, 30],
			"to": [32, -14, 32],
			"rotation": {"angle": 0, "axis": "y", "origin": [8, 16, 8]},
			"faces": {
				"north": {"uv": [0, 0, 7.83673, 0.33333], "texture": "#0"},
				"east": {"uv": [8.16327, 0.33333, 8.4898, 0], "texture": "#0"},
				"south": {"uv": [0, 0.33333, 7.83673, 0], "texture": "#0"},
				"west": {"uv": [8.16327, 0.33333, 8.4898, 0], "texture": "#0"},
				"up": {"uv": [0, 0, 7.83673, 0.33333], "texture": "#0"},
				"down": {"uv": [0, 0, 7.83673, 0.33333], "texture": "#0"}
			}
		},
		{
			"from": [-16, -16, -16],
			"to": [32, -14, -14],
			"rotation": {"angle": 0, "axis": "y", "origin": [8, 16, 8]},
			"faces": {
				"north": {"uv": [7.83673, 0.33333, 0, 0], "texture": "#0"},
				"east": {"uv": [8.4898, 0.33333, 8.16327, 0], "texture": "#0"},
				"south": {"uv": [7.83673, 0, 0, 0.33333], "texture": "#0"},
				"west": {"uv": [8.4898, 0.33333, 8.16327, 0], "texture": "#0"},
				"up": {"uv": [0, 0.33333, 7.83673, 0], "texture": "#0"},
				"down": {"uv": [0, 0.33333, 7.83673, 0], "texture": "#0"}
			}
		},
		{
			"from": [-16, 30, -14],
			"to": [-14, 32, 30],
			"rotation": {"angle": 0, "axis": "y", "origin": [8, 0, 8]},
			"faces": {
				"north": {"uv": [15.67347, 0.33333, 16, 0], "texture": "#0"},
				"east": {"uv": [8.4898, 0, 15.67347, 0.33333], "texture": "#0"},
				"south": {"uv": [15.67347, 0.33333, 16, 0], "texture": "#0"},
				"west": {"uv": [8.4898, 0, 15.67347, 0.33333], "texture": "#0"},
				"up": {"uv": [8.42053, 0.33333, 15.60421, 0], "rotation": 90, "texture": "#0"},
				"down": {"uv": [15.67347, 0.33333, 8.4898, 0], "rotation": 90, "texture": "#0"}
			}
		},
		{
			"from": [-16, -16, -14],
			"to": [-14, -14, 30],
			"rotation": {"angle": 0, "axis": "y", "origin": [8, 16, 8]},
			"faces": {
				"north": {"uv": [15.67347, 0, 16, 0.33333], "texture": "#0"},
				"east": {"uv": [8.4898, 0.33333, 15.67347, 0], "texture": "#0"},
				"south": {"uv": [15.67347, 0, 16, 0.33333], "texture": "#0"},
				"west": {"uv": [8.4898, 0.33333, 15.67347, 0], "texture": "#0"},
				"up": {"uv": [8.4898, 0.33333, 15.67347, 0], "rotation": 90, "texture": "#0"},
				"down": {"uv": [15.60421, 0.33333, 8.42053, 0], "rotation": 90, "texture": "#0"}
			}
		},
		{
			"from": [-16, -14, 30],
			"to": [-14, 30, 32],
			"rotation": {"angle": 0, "axis": "y", "origin": [8, 0, 8]},
			"faces": {
				"north": {"uv": [8.16327, 0.33333, 8.4898, 7.66667], "texture": "#0"},
				"east": {"uv": [8.4898, 0.33333, 8.16327, 7.66667], "texture": "#0"},
				"south": {"uv": [8.4898, 0.33333, 8.16327, 7.66667], "texture": "#0"},
				"west": {"uv": [8.4898, 0.33333, 8.16327, 7.66667], "texture": "#0"},
				"up": {"uv": [8.16327, 0.33333, 8.4898, 0], "texture": "#0"},
				"down": {"uv": [8.16327, 0.33333, 8.4898, 0], "texture": "#0"}
			}
		},
		{
			"from": [-16, -14, -16],
			"to": [-14, 30, -14],
			"rotation": {"angle": 0, "axis": "y", "origin": [8, 0, 8]},
			"faces": {
				"north": {"uv": [8.16327, 0.33333, 8.4898, 7.66667], "texture": "#0"},
				"east": {"uv": [8.16327, 0.33333, 8.4898, 7.66667], "texture": "#0"},
				"south": {"uv": [8.4898, 0.33333, 8.16327, 7.66667], "texture": "#0"},
				"west": {"uv": [8.16327, 0.33333, 8.4898, 7.66667], "texture": "#0"},
				"up": {"uv": [8.16327, 0, 8.4898, 0.33333], "texture": "#0"},
				"down": {"uv": [8.16327, 0, 8.4898, 0.33333], "texture": "#0"}
			}
		},
		{
			"from": [30, -14, 30],
			"to": [32, 30, 32],
			"rotation": {"angle": 0, "axis": "y", "origin": [8, 0, 8]},
			"faces": {
				"north": {"uv": [8.4898, 0.33333, 8.16327, 7.66667], "texture": "#0"},
				"east": {"uv": [8.16327, 0.33333, 8.4898, 7.66667], "texture": "#0"},
				"south": {"uv": [8.16327, 0.33333, 8.4898, 7.66667], "texture": "#0"},
				"west": {"uv": [8.16327, 0.33333, 8.4898, 7.66667], "texture": "#0"},
				"up": {"uv": [8.4898, 0.33333, 8.16327, 0], "texture": "#0"},
				"down": {"uv": [8.4898, 0.33333, 8.16327, 0], "texture": "#0"}
			}
		},
		{
			"from": [30, 30, -14],
			"to": [32, 32, 30],
			"rotation": {"angle": 0, "axis": "y", "origin": [8, 0, 8]},
			"faces": {
				"north": {"uv": [16, 0.33333, 15.67347, 0], "texture": "#0"},
				"east": {"uv": [15.67347, 0, 8.4898, 0.33333], "texture": "#0"},
				"south": {"uv": [16, 0.33333, 15.67347, 0], "texture": "#0"},
				"west": {"uv": [15.67347, 0, 8.4898, 0.33333], "texture": "#0"},
				"up": {"uv": [8.42053, 0, 15.60421, 0.33333], "rotation": 90, "texture": "#0"},
				"down": {"uv": [15.67347, 0, 8.4898, 0.33333], "rotation": 90, "texture": "#0"}
			}
		},
		{
			"from": [30, -14, -16],
			"to": [32, 30, -14],
			"rotation": {"angle": 0, "axis": "y", "origin": [8, 0, 8]},
			"faces": {
				"north": {"uv": [8.4898, 0.33333, 8.16327, 7.66667], "texture": "#0"},
				"east": {"uv": [8.4898, 0.33333, 8.16327, 7.66667], "texture": "#0"},
				"south": {"uv": [8.16327, 0.33333, 8.4898, 7.66667], "texture": "#0"},
				"west": {"uv": [8.4898, 0.33333, 8.16327, 7.66667], "texture": "#0"},
				"up": {"uv": [8.4898, 0, 8.16327, 0.33333], "texture": "#0"},
				"down": {"uv": [8.4898, 0, 8.16327, 0.33333], "texture": "#0"}
			}
		},
		{
			"from": [30, -16, -14],
			"to": [32, -14, 30],
			"rotation": {"angle": 0, "axis": "y", "origin": [8, 16, 8]},
			"faces": {
				"north": {"uv": [16, 0, 15.67347, 0.33333], "texture": "#0"},
				"east": {"uv": [15.67347, 0.33333, 8.4898, 0], "texture": "#0"},
				"south": {"uv": [16, 0, 15.67347, 0.33333], "texture": "#0"},
				"west": {"uv": [15.67347, 0.33333, 8.4898, 0], "texture": "#0"},
				"up": {"uv": [8.4898, 0, 15.67347, 0.33333], "rotation": 90, "texture": "#0"},
				"down": {"uv": [15.60421, 0, 8.42053, 0.33333], "rotation": 90, "texture": "#0"}
			}
		}
	]
}