{
	"credit": "Made with Blockbench",
	"texture_size": [66, 64],
	"textures": {
		"0": "block/map_assets/mudstone_village/cargo_boxes/orange_cargo"
	},
	"elements": [
		{
			"from": [-6, 0, -6],
			"to": [22, 28, 22],
			"rotation": {"angle": 0, "axis": "y", "origin": [8, 0, 8]},
			"faces": {
				"north": {"uv": [0.48485, 0.5, 7.27273, 7.5], "texture": "#0"},
				"east": {"uv": [0.48485, 8.5, 7.27273, 15.5], "texture": "#0"},
				"south": {"uv": [0.48485, 0.5, 7.27273, 7.5], "texture": "#0"},
				"west": {"uv": [8.72727, 0.5, 15.51515, 7.5], "texture": "#0"},
				"up": {"uv": [7.27273, 8.5, 0.48485, 15.5], "texture": "#0"},
				"down": {"uv": [7.27273, 8.5, 0.48485, 15.5], "texture": "#0"}
			}
		},
		{
			"from": [-8, -2, 22],
			"to": [24, 0, 24],
			"rotation": {"angle": 0, "axis": "y", "origin": [8, 0, 8]},
			"faces": {
				"north": {"uv": [0, 0, 7.75758, 0.5], "texture": "#0"},
				"east": {"uv": [8.24242, 0.5, 8.72727, 0], "texture": "#0"},
				"south": {"uv": [0, 0.5, 7.75758, 0], "texture": "#0"},
				"west": {"uv": [8.24242, 0.5, 8.72727, 0], "texture": "#0"},
				"up": {"uv": [0, 0, 7.75758, 0.5], "texture": "#0"},
				"down": {"uv": [0, 0, 7.75758, 0.5], "texture": "#0"}
			}
		},
		{
			"from": [-8, -2, -8],
			"to": [24, 0, -6],
			"rotation": {"angle": 0, "axis": "y", "origin": [8, 0, 8]},
			"faces": {
				"north": {"uv": [7.75758, 0.5, 0, 0], "texture": "#0"},
				"east": {"uv": [16, 0.5, 15.51515, 0], "texture": "#0"},
				"south": {"uv": [7.75758, 0, 0, 0.5], "texture": "#0"},
				"west": {"uv": [16, 0.5, 15.51515, 0], "texture": "#0"},
				"up": {"uv": [0, 0.5, 7.75758, 0], "texture": "#0"},
				"down": {"uv": [0, 0.5, 7.75758, 0], "texture": "#0"}
			}
		},
		{
			"from": [-8, 28, 22],
			"to": [24, 30, 24],
			"rotation": {"angle": 0, "axis": "y", "origin": [8, 0, 8]},
			"faces": {
				"north": {"uv": [0, 0.5, 7.75758, 0], "texture": "#0"},
				"east": {"uv": [8.24242, 0, 8.72727, 0.5], "texture": "#0"},
				"south": {"uv": [0, 0, 7.75758, 0.5], "texture": "#0"},
				"west": {"uv": [8.24242, 0, 8.72727, 0.5], "texture": "#0"},
				"up": {"uv": [0, 0.5, 7.75758, 0], "texture": "#0"},
				"down": {"uv": [0, 0.5, 7.75758, 0], "texture": "#0"}
			}
		},
		{
			"from": [-8, 28, -8],
			"to": [24, 30, -6],
			"rotation": {"angle": 0, "axis": "y", "origin": [8, 0, 8]},
			"faces": {
				"north": {"uv": [7.75758, 0, 0, 0.5], "texture": "#0"},
				"east": {"uv": [8.72727, 0, 8.24242, 0.5], "texture": "#0"},
				"south": {"uv": [7.75758, 0.5, 0, 0], "texture": "#0"},
				"west": {"uv": [8.72727, 0, 8.24242, 0.5], "texture": "#0"},
				"up": {"uv": [0, 0, 7.75758, 0.5], "texture": "#0"},
				"down": {"uv": [0, 0, 7.75758, 0.5], "texture": "#0"}
			}
		},
		{
			"from": [-8, -2, -6],
			"to": [-6, 0, 22],
			"rotation": {"angle": 0, "axis": "y", "origin": [8, 0, 8]},
			"faces": {
				"north": {"uv": [15.0303, 0, 15.51515, 0.5], "texture": "#0"},
				"east": {"uv": [8.72727, 0.5, 15.51515, 0], "texture": "#0"},
				"south": {"uv": [15.0303, 0, 15.51515, 0.5], "texture": "#0"},
				"west": {"uv": [8.72727, 0, 15.51515, 0.5], "texture": "#0"},
				"up": {"uv": [8.72727, 0.5, 15.51515, 0], "rotation": 90, "texture": "#0"},
				"down": {"uv": [8.72727, 0, 15.51515, 0.5], "rotation": 90, "texture": "#0"}
			}
		},
		{
			"from": [-8, 28, -6],
			"to": [-6, 30, 22],
			"rotation": {"angle": 0, "axis": "y", "origin": [8, 0, 8]},
			"faces": {
				"north": {"uv": [15.0303, 0.5, 15.51515, 0], "texture": "#0"},
				"east": {"uv": [8.72727, 0, 15.51515, 0.5], "texture": "#0"},
				"south": {"uv": [15.0303, 0.5, 15.51515, 0], "texture": "#0"},
				"west": {"uv": [8.72727, 0.5, 15.51515, 0], "texture": "#0"},
				"up": {"uv": [15.51515, 0, 8.72727, 0.5], "rotation": 90, "texture": "#0"},
				"down": {"uv": [15.51515, 0.5, 8.72727, 0], "rotation": 90, "texture": "#0"}
			}
		},
		{
			"from": [22, 28, -6],
			"to": [24, 30, 22],
			"rotation": {"angle": 0, "axis": "y", "origin": [8, 0, 8]},
			"faces": {
				"north": {"uv": [15.51515, 0.5, 15.0303, 0], "texture": "#0"},
				"east": {"uv": [15.51515, 0.5, 8.72727, 0], "texture": "#0"},
				"south": {"uv": [15.51515, 0.5, 15.0303, 0], "texture": "#0"},
				"west": {"uv": [15.51515, 0, 8.72727, 0.5], "texture": "#0"},
				"up": {"uv": [15.51515, 0.5, 8.72727, 0], "rotation": 90, "texture": "#0"},
				"down": {"uv": [15.51515, 0, 8.72727, 0.5], "rotation": 90, "texture": "#0"}
			}
		},
		{
			"from": [22, -2, -6],
			"to": [24, 0, 22],
			"rotation": {"angle": 0, "axis": "y", "origin": [8, 0, 8]},
			"faces": {
				"north": {"uv": [15.51515, 0, 15.0303, 0.5], "texture": "#0"},
				"east": {"uv": [15.51515, 0, 8.72727, 0.5], "texture": "#0"},
				"south": {"uv": [15.51515, 0, 15.0303, 0.5], "texture": "#0"},
				"west": {"uv": [15.51515, 0.5, 8.72727, 0], "texture": "#0"},
				"up": {"uv": [8.72727, 0, 15.51515, 0.5], "rotation": 90, "texture": "#0"},
				"down": {"uv": [8.72727, 0.5, 15.51515, 0], "rotation": 90, "texture": "#0"}
			}
		},
		{
			"from": [-8, 0, -8],
			"to": [-6, 28, -6],
			"rotation": {"angle": 0, "axis": "y", "origin": [8, 0, 8]},
			"faces": {
				"north": {"uv": [8.24242, 0.5, 8.72727, 7.5], "texture": "#0"},
				"east": {"uv": [8.24242, 0.5, 8.72727, 7.5], "texture": "#0"},
				"south": {"uv": [8.72727, 0.5, 8.24242, 7.5], "texture": "#0"},
				"west": {"uv": [8.24242, 0.5, 8.72727, 7.5], "texture": "#0"},
				"up": {"uv": [8.24242, 0, 8.72727, 0.5], "texture": "#0"},
				"down": {"uv": [8.24242, 0, 8.72727, 0.5], "texture": "#0"}
			}
		},
		{
			"from": [-8, 0, 22],
			"to": [-6, 28, 24],
			"rotation": {"angle": 0, "axis": "y", "origin": [8, 0, 8]},
			"faces": {
				"north": {"uv": [8.24242, 0.5, 8.72727, 7.5], "texture": "#0"},
				"east": {"uv": [8.72727, 0.5, 8.24242, 7.5], "texture": "#0"},
				"south": {"uv": [8.72727, 0.5, 8.24242, 7.5], "texture": "#0"},
				"west": {"uv": [8.72727, 0.5, 8.24242, 7.5], "texture": "#0"},
				"up": {"uv": [8.24242, 0.5, 8.72727, 0], "texture": "#0"},
				"down": {"uv": [8.24242, 0.5, 8.72727, 0], "texture": "#0"}
			}
		},
		{
			"from": [22, 0, -8],
			"to": [24, 28, -6],
			"rotation": {"angle": 0, "axis": "y", "origin": [8, 0, 8]},
			"faces": {
				"north": {"uv": [8.72727, 0.5, 8.24242, 7.5], "texture": "#0"},
				"east": {"uv": [8.72727, 0.5, 8.24242, 7.5], "texture": "#0"},
				"south": {"uv": [8.24242, 0.5, 8.72727, 7.5], "texture": "#0"},
				"west": {"uv": [8.72727, 0.5, 8.24242, 7.5], "texture": "#0"},
				"up": {"uv": [8.72727, 0, 8.24242, 0.5], "texture": "#0"},
				"down": {"uv": [8.72727, 0, 8.24242, 0.5], "texture": "#0"}
			}
		},
		{
			"from": [22, 0, 22],
			"to": [24, 28, 24],
			"rotation": {"angle": 0, "axis": "y", "origin": [8, 0, 8]},
			"faces": {
				"north": {"uv": [8.72727, 0.5, 8.24242, 7.5], "texture": "#0"},
				"east": {"uv": [8.24242, 0.5, 8.72727, 7.5], "texture": "#0"},
				"south": {"uv": [8.24242, 0.5, 8.72727, 7.5], "texture": "#0"},
				"west": {"uv": [8.24242, 0.5, 8.72727, 7.5], "texture": "#0"},
				"up": {"uv": [8.72727, 0.5, 8.24242, 0], "texture": "#0"},
				"down": {"uv": [8.72727, 0.5, 8.24242, 0], "texture": "#0"}
			}
		}
	]
}