{
	"credit": "Made with Blockbench",
	"texture_size": [146, 64],
	"textures": {
		"0": "block/map_assets/mudstone_village/cargo_boxes/red_cargo"
	},
	"elements": [
		{
			"from": [-14.9878, 0.8514, 2.0402],
			"to": [30.9878, 12.771, 13.9598],
			"rotation": {"angle": 0, "axis": "y", "origin": [8, 0, 8]},
			"faces": {
				"north": {"uv": [0.21918, 0.5, 12.05479, 7.5], "texture": "#0"},
				"east": {"uv": [12.71233, 8.5, 15.78082, 15.5], "texture": "#0"},
				"south": {"uv": [0.21918, 0.5, 12.05479, 7.5], "texture": "#0"},
				"west": {"uv": [12.71233, 0.5, 15.78082, 7.5], "texture": "#0"},
				"up": {"uv": [0.21918, 8.5, 12.05479, 15.5], "texture": "#0"},
				"down": {"uv": [0.21918, 8.5, 12.01644, 15.5], "texture": "#0"}
			}
		},
		{
			"from": [-14.9878, 12.771, 13.9598],
			"to": [30.9878, 13.6224, 14.8112],
			"rotation": {"angle": 0, "axis": "y", "origin": [8, 0, 8]},
			"faces": {
				"north": {"uv": [0, 0.5, 12.27397, 0], "texture": "#0"},
				"east": {"uv": [0, 0, 0.21918, 0.5], "texture": "#0"},
				"south": {"uv": [0.21918, 0, 12.05479, 0.5], "texture": "#0"},
				"west": {"uv": [0, 0, 0.21918, 0.5], "texture": "#0"},
				"up": {"uv": [0, 0.5, 12.27397, 0], "texture": "#0"},
				"down": {"uv": [0, 0.5, 12.27397, 0], "texture": "#0"}
			}
		},
		{
			"from": [-14.9878, 12.771, 1.1888],
			"to": [30.9878, 13.6224, 2.0402],
			"rotation": {"angle": 0, "axis": "y", "origin": [8, 0, 8]},
			"faces": {
				"north": {"uv": [12.05479, 0, 0.21918, 0.5], "texture": "#0"},
				"east": {"uv": [0.21918, 0, 0, 0.5], "texture": "#0"},
				"south": {"uv": [12.27397, 0.5, 0, 0], "texture": "#0"},
				"west": {"uv": [0.21918, 0, 0, 0.5], "texture": "#0"},
				"up": {"uv": [0, 0, 12.27397, 0.5], "texture": "#0"},
				"down": {"uv": [0, 0, 12.27397, 0.5], "texture": "#0"}
			}
		},
		{
			"from": [-14.9878, 0, 1.1888],
			"to": [30.9878, 0.8514, 2.0402],
			"rotation": {"angle": 0, "axis": "y", "origin": [8, 0, 8]},
			"faces": {
				"north": {"uv": [12.05479, 0.5, 0.21918, 0], "texture": "#0"},
				"east": {"uv": [0.21918, 0.5, 0, 0], "texture": "#0"},
				"south": {"uv": [12.27397, 0, 0, 0.5], "texture": "#0"},
				"west": {"uv": [0.21918, 0.5, 0, 0], "texture": "#0"},
				"up": {"uv": [0, 0.5, 12.27397, 0], "texture": "#0"},
				"down": {"uv": [0, 0.5, 12.27397, 0], "texture": "#0"}
			}
		},
		{
			"from": [-14.9878, 0, 13.9598],
			"to": [30.9878, 0.8514, 14.8112],
			"rotation": {"angle": 0, "axis": "y", "origin": [8, 0, 8]},
			"faces": {
				"north": {"uv": [12.05479, 0, 0.21918, 0.5], "texture": "#0"},
				"east": {"uv": [0.21918, 0, 0, 0.5], "texture": "#0"},
				"south": {"uv": [12.27397, 0.5, 0, 0], "texture": "#0"},
				"west": {"uv": [0.21918, 0, 0, 0.5], "texture": "#0"},
				"up": {"uv": [0, 0, 12.27397, 0.5], "texture": "#0"},
				"down": {"uv": [0, 0, 12.27397, 0.5], "texture": "#0"}
			}
		},
		{
			"from": [-15.8392, 12.771, 1.1888],
			"to": [-14.9878, 13.6224, 14.8112],
			"rotation": {"angle": 0, "axis": "y", "origin": [8, 0, 8]},
			"faces": {
				"north": {"uv": [12.49315, 0, 12.71233, 0.5], "texture": "#0"},
				"east": {"uv": [12.49315, 0.5, 16, 0], "texture": "#0"},
				"south": {"uv": [12.49315, 0, 12.71233, 0.5], "texture": "#0"},
				"west": {"uv": [12.49315, 0, 16, 0.5], "texture": "#0"},
				"up": {"uv": [12.49315, 0.5, 16, 0], "rotation": 90, "texture": "#0"},
				"down": {"uv": [12.49315, 0, 15.89041, 0.5], "rotation": 90, "texture": "#0"}
			}
		},
		{
			"from": [-15.8392, 0, 1.1888],
			"to": [-14.9878, 0.8514, 14.8112],
			"rotation": {"angle": 0, "axis": "y", "origin": [8, 0, 8]},
			"faces": {
				"north": {"uv": [12.49315, 0, 12.71233, 0.5], "texture": "#0"},
				"east": {"uv": [12.49315, 0.5, 16, 0], "texture": "#0"},
				"south": {"uv": [12.49315, 0, 12.71233, 0.5], "texture": "#0"},
				"west": {"uv": [12.49315, 0, 16, 0.5], "texture": "#0"},
				"up": {"uv": [12.49315, 0.5, 16, 0], "rotation": 90, "texture": "#0"},
				"down": {"uv": [12.49315, 0, 15.89041, 0.5], "rotation": 90, "texture": "#0"}
			}
		},
		{
			"from": [-15.8392, 0.8514, 1.1888],
			"to": [-14.9878, 12.771, 2.0402],
			"rotation": {"angle": 0, "axis": "y", "origin": [8, 0, 8]},
			"faces": {
				"north": {"uv": [12.49315, 0.5, 12.71233, 7.5], "texture": "#0"},
				"east": {"uv": [12.49315, 0.5, 12.71233, 7.5], "texture": "#0"},
				"south": {"uv": [12.71233, 0.5, 12.49315, 7.5], "texture": "#0"},
				"west": {"uv": [12.49315, 0.5, 12.71233, 7.5], "texture": "#0"},
				"up": {"uv": [12.49315, 0, 12.71233, 0.5], "texture": "#0"},
				"down": {"uv": [12.49315, 0, 12.71233, 0.5], "texture": "#0"}
			}
		},
		{
			"from": [-15.8392, 0.8514, 13.9598],
			"to": [-14.9878, 12.771, 14.8112],
			"rotation": {"angle": 0, "axis": "y", "origin": [8, 0, 8]},
			"faces": {
				"north": {"uv": [16, 0.5, 15.78082, 7.5], "texture": "#0"},
				"east": {"uv": [15.78082, 0.5, 16, 7.5], "texture": "#0"},
				"south": {"uv": [15.78082, 0.5, 16, 7.5], "texture": "#0"},
				"west": {"uv": [15.78082, 0.5, 16, 7.5], "texture": "#0"},
				"up": {"uv": [15.78082, 0, 16, 0.5], "texture": "#0"},
				"down": {"uv": [15.78082, 0, 16, 0.5], "texture": "#0"}
			}
		},
		{
			"from": [30.9878, 0.8514, 13.9598],
			"to": [31.8392, 12.771, 14.8112],
			"rotation": {"angle": 0, "axis": "y", "origin": [8, 0, 8]},
			"faces": {
				"north": {"uv": [15.78082, 0.5, 16, 7.5], "texture": "#0"},
				"east": {"uv": [16, 0.5, 15.78082, 7.5], "texture": "#0"},
				"south": {"uv": [16, 0.5, 15.78082, 7.5], "texture": "#0"},
				"west": {"uv": [16, 0.5, 15.78082, 7.5], "texture": "#0"},
				"up": {"uv": [16, 0, 15.78082, 0.5], "texture": "#0"},
				"down": {"uv": [16, 0, 15.78082, 0.5], "texture": "#0"}
			}
		},
		{
			"from": [30.9878, 0, 1.1888],
			"to": [31.8392, 0.8514, 14.8112],
			"rotation": {"angle": 0, "axis": "y", "origin": [8, 0, 8]},
			"faces": {
				"north": {"uv": [12.71233, 0, 12.49315, 0.5], "texture": "#0"},
				"east": {"uv": [16, 0, 12.49315, 0.5], "texture": "#0"},
				"south": {"uv": [12.71233, 0, 12.49315, 0.5], "texture": "#0"},
				"west": {"uv": [16, 0.5, 12.49315, 0], "texture": "#0"},
				"up": {"uv": [12.49315, 0, 16, 0.5], "rotation": 90, "texture": "#0"},
				"down": {"uv": [12.49315, 0.5, 15.89041, 0], "rotation": 90, "texture": "#0"}
			}
		},
		{
			"from": [30.9878, 0.8514, 1.1888],
			"to": [31.8392, 12.771, 2.0402],
			"rotation": {"angle": 0, "axis": "y", "origin": [8, 0, 8]},
			"faces": {
				"north": {"uv": [12.71233, 0.5, 12.49315, 7.5], "texture": "#0"},
				"east": {"uv": [12.71233, 0.5, 12.49315, 7.5], "texture": "#0"},
				"south": {"uv": [12.49315, 0.5, 12.71233, 7.5], "texture": "#0"},
				"west": {"uv": [12.71233, 0.5, 12.49315, 7.5], "texture": "#0"},
				"up": {"uv": [12.71233, 0, 12.49315, 0.5], "texture": "#0"},
				"down": {"uv": [12.71233, 0, 12.49315, 0.5], "texture": "#0"}
			}
		},
		{
			"from": [30.9878, 12.771, 1.1888],
			"to": [31.8392, 13.6224, 14.8112],
			"rotation": {"angle": 0, "axis": "y", "origin": [8, 0, 8]},
			"faces": {
				"north": {"uv": [12.71233, 0, 12.49315, 0.5], "texture": "#0"},
				"east": {"uv": [16, 0, 12.49315, 0.5], "texture": "#0"},
				"south": {"uv": [12.71233, 0, 12.49315, 0.5], "texture": "#0"},
				"west": {"uv": [16, 0.5, 12.49315, 0], "texture": "#0"},
				"up": {"uv": [12.49315, 0, 16, 0.5], "rotation": 90, "texture": "#0"},
				"down": {"uv": [12.49315, 0.5, 15.89041, 0], "rotation": 90, "texture": "#0"}
			}
		}
	]
}