{
	"credit": "Made with Blockbench :)",
	"textures": {
		"1": "block/ladder",
		"particle": "block/ladder"
	},
	"elements": [
		{
			"from": [1, 0, 14],
			"to": [3, 16, 16],
			"rotation": {"angle": 0, "axis": "y", "origin": [10, 8, 22]},
			"faces": {
				"north": {"uv": [2, 0, 4, 16], "texture": "#1"},
				"east": {"uv": [2, 0, 4, 16], "texture": "#1"},
				"south": {"uv": [2, 0, 4, 16], "texture": "#1"},
				"west": {"uv": [2, 0, 4, 16], "texture": "#1"},
				"up": {"uv": [2, 0, 4, 2], "texture": "#1"},
				"down": {"uv": [2, 14, 4, 16], "texture": "#1"}
			}
		},
		{
			"from": [13, 0, 14],
			"to": [15, 16, 16],
			"rotation": {"angle": 0, "axis": "y", "origin": [20, 8, 22]},
			"faces": {
				"north": {"uv": [12, 0, 14, 16], "texture": "#1"},
				"east": {"uv": [12, 0, 14, 16], "texture": "#1"},
				"south": {"uv": [12, 0, 14, 16], "texture": "#1"},
				"west": {"uv": [12, 0, 14, 16], "texture": "#1"},
				"up": {"uv": [12, 0, 14, 2], "texture": "#1"},
				"down": {"uv": [12, 14, 14, 16], "texture": "#1"}
			}
		},
		{
			"from": [3, 1, 14.5],
			"to": [13, 3, 15.5],
			"rotation": {"angle": 0, "axis": "y", "origin": [12, 9, 22.5]},
			"faces": {
				"north": {"uv": [13, 13, 3, 15], "texture": "#1"},
				"east": {"uv": [4, 13, 5, 15], "texture": "#missing"},
				"south": {"uv": [3, 13, 13, 15], "texture": "#1"},
				"west": {"uv": [11, 13, 12, 15], "texture": "#missing"},
				"up": {"uv": [3, 13, 13, 14], "texture": "#1"},
				"down": {"uv": [3, 14, 13, 15], "texture": "#1"}
			}
		},
		{
			"from": [3, 5, 14.5],
			"to": [13, 7, 15.5],
			"rotation": {"angle": 0, "axis": "y", "origin": [12, 13, 22.5]},
			"faces": {
				"north": {"uv": [3, 9, 13, 11], "texture": "#1"},
				"east": {"uv": [4, 9, 5, 11], "texture": "#missing"},
				"south": {"uv": [3, 9, 13, 11], "texture": "#1"},
				"west": {"uv": [11, 9, 12, 11], "texture": "#missing"},
				"up": {"uv": [3, 9, 13, 10], "texture": "#1"},
				"down": {"uv": [3, 10, 13, 11], "texture": "#1"}
			}
		},
		{
			"from": [3, 9, 14.5],
			"to": [13, 11, 15.5],
			"rotation": {"angle": 0, "axis": "y", "origin": [12, 17, 22.5]},
			"faces": {
				"north": {"uv": [3, 5, 13, 7], "texture": "#1"},
				"east": {"uv": [4, 5, 5, 7], "texture": "#missing"},
				"south": {"uv": [3, 5, 13, 7], "texture": "#1"},
				"west": {"uv": [11, 5, 12, 7], "texture": "#missing"},
				"up": {"uv": [3, 5, 13, 6], "texture": "#1"},
				"down": {"uv": [3, 6, 13, 7], "texture": "#1"}
			}
		},
		{
			"from": [3, 13, 14.5],
			"to": [13, 15, 15.5],
			"rotation": {"angle": 0, "axis": "y", "origin": [12, 21, 22.5]},
			"faces": {
				"north": {"uv": [3, 1, 13, 3], "texture": "#1"},
				"east": {"uv": [4, 1, 5, 3], "texture": "#missing"},
				"south": {"uv": [3, 1, 13, 3], "texture": "#1"},
				"west": {"uv": [11, 1, 12, 3], "texture": "#missing"},
				"up": {"uv": [3, 1, 13, 2], "texture": "#1"},
				"down": {"uv": [3, 2, 13, 3], "texture": "#1"}
			}
		}
	]
}