{
    "providers": [
        {
            "type": "bitmap",
            "file": "font/gui/game_bar_text.png",
            "ascent": 2,
            "height": 16,
            "chars": [
                "\uE000\uE001\uE002",
                "\uE003\uE004\uE005",
                "\uE006\uE007\uE008",
                "\uE009\uE010\u0000"
            ]
        },
        {
            "type": "space",
            "advances": {
                "\uEFFF": -58
            }
        }   
    ]
}