{
    "providers": [
        {
            "type": "bitmap",
            "file": "font/gui/game_bar.png",
            "ascent": 10,
            "height": 32,
            "chars": [
                "\uE001\uE002\uE003\uE004",
                "\uE005\uE006\uE007\uE008",
                "\uE009\uE010\uE011\uE012",
                "\uE013\uE014\uE015\uE016"
            ]
        },
        {
            "type": "space",
            "advances": {
                "\uEFFF": -1
            }
        }   
    ]
}