{
  "parent": "minecraft:item/generated",
  "textures": {
    "layer0": "minecraft:item/ender_eye"
  },
  "overrides": [
    { "model": "minecraft:item/guns/glock18", "predicate": { "custom_model_data": 10020 } },
    { "model": "minecraft:item/guns/glock18_fired", "predicate": { "custom_model_data": 10021 } },
    { "model": "minecraft:item/guns/m4a1", "predicate": { "custom_model_data": 10210 } },
    { "model": "minecraft:item/guns/m4a1_fired", "predicate": { "custom_model_data": 10211 } }
  ]
}