{
	"credit": "Made with Blockbench",
	"texture_size": [128, 128],
	"textures": {
		"0": "block/map_assets/mudstone_village/map_site_outlines/mudstone_village_b_site_outline"
	},
	"elements": [
		{
			"from": [-3.8752, 0.7396, 26.1356],
			"to": [13.8752, 1.4792, 26.8752],
			"rotation": {"angle": 0, "axis": "y", "origin": [5, 0, 18]},
			"faces": {
				"north": {"uv": [0, 0, 6, 0.25], "texture": "#0"},
				"east": {"uv": [6.25, 2.5, 6.5, 2.75], "texture": "#0"},
				"south": {"uv": [0, 0.25, 6, 0.5], "texture": "#0"},
				"west": {"uv": [6.25, 2.75, 6.5, 3], "texture": "#0"},
				"up": {"uv": [6, 0.75, 0, 0.5], "texture": "#0"},
				"down": {"uv": [6, 0.75, 0, 1], "texture": "#0"}
			}
		},
		{
			"from": [-3.8752, 0.7396, 9.1248],
			"to": [-3.1356, 1.4792, 26.1356],
			"rotation": {"angle": 0, "axis": "y", "origin": [5, 0, 18]},
			"faces": {
				"north": {"uv": [3, 6.25, 3.25, 6.5], "texture": "#0"},
				"east": {"uv": [0, 2, 5.75, 2.25], "texture": "#0"},
				"south": {"uv": [3.25, 6.25, 3.5, 6.5], "texture": "#0"},
				"west": {"uv": [0, 2.25, 5.75, 2.5], "texture": "#0"},
				"up": {"uv": [0.25, 8.25, 0, 2.5], "texture": "#0"},
				"down": {"uv": [0.5, 2.5, 0.25, 8.25], "texture": "#0"}
			}
		},
		{
			"from": [-15.7088, 0.7396, 8.3852],
			"to": [-3.1356, 1.4792, 9.1248],
			"rotation": {"angle": 0, "axis": "y", "origin": [5, 0, 18]},
			"faces": {
				"north": {"uv": [1.5, 4.5, 5.75, 4.75], "texture": "#0"},
				"east": {"uv": [3.5, 6.25, 3.75, 6.5], "texture": "#0"},
				"south": {"uv": [1.5, 4.75, 5.75, 5], "texture": "#0"},
				"west": {"uv": [3.75, 6.25, 4, 6.5], "texture": "#0"},
				"up": {"uv": [5.75, 5.25, 1.5, 5], "texture": "#0"},
				"down": {"uv": [5.75, 5.25, 1.5, 5.5], "texture": "#0"}
			}
		},
		{
			"from": [-15.7088, 0.7396, -8.6256],
			"to": [-14.9692, 1.4792, 8.3852],
			"rotation": {"angle": 0, "axis": "y", "origin": [5, 0, 18]},
			"faces": {
				"north": {"uv": [4, 6.25, 4.25, 6.5], "texture": "#0"},
				"east": {"uv": [0.5, 2.5, 6.25, 2.75], "texture": "#0"},
				"south": {"uv": [4.25, 6.25, 4.5, 6.5], "texture": "#0"},
				"west": {"uv": [0.5, 2.75, 6.25, 3], "texture": "#0"},
				"up": {"uv": [0.75, 8.75, 0.5, 3], "texture": "#0"},
				"down": {"uv": [1, 3, 0.75, 8.75], "texture": "#0"}
			}
		},
		{
			"from": [-14.9692, 0.7396, -8.6256],
			"to": [2.0416, 1.4792, -7.886],
			"rotation": {"angle": 0, "axis": "y", "origin": [5, 0, 18]},
			"faces": {
				"north": {"uv": [1, 3, 6.75, 3.25], "texture": "#0"},
				"east": {"uv": [4.5, 6.25, 4.75, 6.5], "texture": "#0"},
				"south": {"uv": [1, 3.25, 6.75, 3.5], "texture": "#0"},
				"west": {"uv": [4.75, 6.25, 5, 6.5], "texture": "#0"},
				"up": {"uv": [6.75, 3.75, 1, 3.5], "texture": "#0"},
				"down": {"uv": [6.75, 3.75, 1, 4], "texture": "#0"}
			}
		},
		{
			"from": [1.302, 0.7396, -7.886],
			"to": [2.0416, 1.4792, 9.1248],
			"rotation": {"angle": 0, "axis": "y", "origin": [5, 0, 18]},
			"faces": {
				"north": {"uv": [5, 6.25, 5.25, 6.5], "texture": "#0"},
				"east": {"uv": [1, 4, 6.75, 4.25], "texture": "#0"},
				"south": {"uv": [5.25, 6.25, 5.5, 6.5], "texture": "#0"},
				"west": {"uv": [1, 4.25, 6.75, 4.5], "texture": "#0"},
				"up": {"uv": [1.25, 10.25, 1, 4.5], "texture": "#0"},
				"down": {"uv": [1.5, 4.5, 1.25, 10.25], "texture": "#0"}
			}
		},
		{
			"from": [1.302, 0.7396, 9.1248],
			"to": [13.8752, 1.4792, 9.8644],
			"rotation": {"angle": 0, "axis": "y", "origin": [5, 0, 18]},
			"faces": {
				"north": {"uv": [1.5, 5.5, 5.75, 5.75], "texture": "#0"},
				"east": {"uv": [5.5, 6.25, 5.75, 6.5], "texture": "#0"},
				"south": {"uv": [1.5, 5.75, 5.75, 6], "texture": "#0"},
				"west": {"uv": [6.25, 6, 6.5, 6.25], "texture": "#0"},
				"up": {"uv": [10, 2.25, 5.75, 2], "texture": "#0"},
				"down": {"uv": [10, 2.25, 5.75, 2.5], "texture": "#0"}
			}
		},
		{
			"from": [13.8752, 0.7396, -2.7088],
			"to": [14.6148, 1.4792, 9.8644],
			"rotation": {"angle": 0, "axis": "y", "origin": [5, 0, 18]},
			"faces": {
				"north": {"uv": [6.25, 6.25, 6.5, 6.5], "texture": "#0"},
				"east": {"uv": [5.75, 4.5, 10, 4.75], "texture": "#0"},
				"south": {"uv": [6.5, 2.5, 6.75, 2.75], "texture": "#0"},
				"west": {"uv": [5.75, 4.75, 10, 5], "texture": "#0"},
				"up": {"uv": [6, 9.25, 5.75, 5], "texture": "#0"},
				"down": {"uv": [1.75, 6, 1.5, 10.25], "texture": "#0"}
			}
		},
		{
			"from": [19.0524, 0.7396, -2.7088],
			"to": [19.792, 1.4792, 9.1248],
			"rotation": {"angle": 0, "axis": "y", "origin": [5, 0, 18]},
			"faces": {
				"north": {"uv": [6.5, 2.75, 6.75, 3], "texture": "#0"},
				"east": {"uv": [6, 1, 10, 1.25], "texture": "#0"},
				"south": {"uv": [3, 6.5, 3.25, 6.75], "texture": "#0"},
				"west": {"uv": [6, 1.25, 10, 1.5], "texture": "#0"},
				"up": {"uv": [2, 10, 1.75, 6], "texture": "#0"},
				"down": {"uv": [2.25, 6, 2, 10], "texture": "#0"}
			}
		},
		{
			"from": [19.0524, 0.7396, 9.1248],
			"to": [31.6256, 1.4792, 9.8644],
			"rotation": {"angle": 0, "axis": "y", "origin": [5, 0, 18]},
			"faces": {
				"north": {"uv": [6, 0, 10.25, 0.25], "texture": "#0"},
				"east": {"uv": [3.25, 6.5, 3.5, 6.75], "texture": "#0"},
				"south": {"uv": [6, 0.25, 10.25, 0.5], "texture": "#0"},
				"west": {"uv": [3.5, 6.5, 3.75, 6.75], "texture": "#0"},
				"up": {"uv": [10.25, 0.75, 6, 0.5], "texture": "#0"},
				"down": {"uv": [10.25, 0.75, 6, 1], "texture": "#0"}
			}
		},
		{
			"from": [14.6148, 0.7396, -2.7088],
			"to": [19.0524, 1.4792, -1.9692],
			"rotation": {"angle": 0, "axis": "y", "origin": [5, 0, 18]},
			"faces": {
				"north": {"uv": [2.75, 6, 4.25, 6.25], "texture": "#0"},
				"east": {"uv": [3.75, 6.5, 4, 6.75], "texture": "#0"},
				"south": {"uv": [4.25, 6, 5.75, 6.25], "texture": "#0"},
				"west": {"uv": [4, 6.5, 4.25, 6.75], "texture": "#0"},
				"up": {"uv": [7.5, 5.25, 6, 5], "texture": "#0"},
				"down": {"uv": [7.5, 5.25, 6, 5.5], "texture": "#0"}
			}
		},
		{
			"from": [13.8752, 0.7396, 14.302],
			"to": [31.6256, 1.4792, 15.0416],
			"rotation": {"angle": 0, "axis": "y", "origin": [5, 0, 18]},
			"faces": {
				"north": {"uv": [0, 1, 6, 1.25], "texture": "#0"},
				"east": {"uv": [4.25, 6.5, 4.5, 6.75], "texture": "#0"},
				"south": {"uv": [0, 1.25, 6, 1.5], "texture": "#0"},
				"west": {"uv": [4.5, 6.5, 4.75, 6.75], "texture": "#0"},
				"up": {"uv": [6, 1.75, 0, 1.5], "texture": "#0"},
				"down": {"uv": [6, 1.75, 0, 2], "texture": "#0"}
			}
		},
		{
			"from": [30.886, 0.7396, 9.8644],
			"to": [31.6256, 1.4792, 14.302],
			"rotation": {"angle": 0, "axis": "y", "origin": [5, 0, 18]},
			"faces": {
				"north": {"uv": [4.75, 6.5, 5, 6.75], "texture": "#0"},
				"east": {"uv": [6, 5.5, 7.5, 5.75], "texture": "#0"},
				"south": {"uv": [5, 6.5, 5.25, 6.75], "texture": "#0"},
				"west": {"uv": [6, 5.75, 7.5, 6], "texture": "#0"},
				"up": {"uv": [6.25, 7.5, 6, 6], "texture": "#0"},
				"down": {"uv": [3, 6.25, 2.75, 7.75], "texture": "#0"}
			}
		},
		{
			"from": [13.1356, 0.7396, 14.302],
			"to": [13.8752, 1.4792, 26.1356],
			"rotation": {"angle": 0, "axis": "y", "origin": [5, 0, 18]},
			"faces": {
				"north": {"uv": [5.25, 6.5, 5.5, 6.75], "texture": "#0"},
				"east": {"uv": [6, 1.5, 10, 1.75], "texture": "#0"},
				"south": {"uv": [5.5, 6.5, 5.75, 6.75], "texture": "#0"},
				"west": {"uv": [6, 1.75, 10, 2], "texture": "#0"},
				"up": {"uv": [2.5, 10, 2.25, 6], "texture": "#0"},
				"down": {"uv": [2.75, 6, 2.5, 10], "texture": "#0"}
			}
		}
	],
	"groups": [
		{
			"name": "bone",
			"origin": [5, 0, 18],
			"color": 0,
			"nbt": "{}",
			"children": [0, 1, 2, 3, 4, 5, 6, 7, 8, 9, 10, 11, 12, 13]
		}
	]
}