{
	"credit": "Made with Blockbench",
	"ambientocclusion": false,
	"texture_size": [128, 128],
	"textures": {
		"0": "block/map_assets/mudstone_village/map_site_outlines/mudstone_village_a_site_outline"
	},
	"elements": [
		{
			"from": [2.75, 0, -14.25],
			"to": [22.75, 0.5, -13.75],
			"rotation": {"angle": 0, "axis": "y", "origin": [8.75, 0, -7.75]},
			"faces": {
				"north": {"uv": [1, 1, 11, 1.25], "texture": "#0"},
				"east": {"uv": [5, 7, 5.25, 7.25], "texture": "#0"},
				"south": {"uv": [1, 1.25, 11, 1.5], "texture": "#0"},
				"west": {"uv": [5.25, 7, 5.5, 7.25], "texture": "#0"},
				"up": {"uv": [11, 1.75, 1, 1.5], "texture": "#0"},
				"down": {"uv": [11, 1.75, 1, 2], "texture": "#0"}
			}
		},
		{
			"from": [6.75, 0, 30.25],
			"to": [18.75, 0.5, 30.75],
			"rotation": {"angle": 0, "axis": "y", "origin": [8.75, 0, -7.75]},
			"faces": {
				"north": {"uv": [2, 3, 8, 3.25], "texture": "#0"},
				"east": {"uv": [5.5, 7, 5.75, 7.25], "texture": "#0"},
				"south": {"uv": [2, 3.25, 8, 3.5], "texture": "#0"},
				"west": {"uv": [5.75, 7, 6, 7.25], "texture": "#0"},
				"up": {"uv": [8, 3.75, 2, 3.5], "texture": "#0"},
				"down": {"uv": [8, 3.75, 2, 4], "texture": "#0"}
			}
		},
		{
			"from": [-5.25, 0, 10.25],
			"to": [6.75, 0.5, 10.75],
			"rotation": {"angle": 0, "axis": "y", "origin": [8.75, 0, -7.75]},
			"faces": {
				"north": {"uv": [2, 4, 8, 4.25], "texture": "#0"},
				"east": {"uv": [6, 7, 6.25, 7.25], "texture": "#0"},
				"south": {"uv": [2, 4.25, 8, 4.5], "texture": "#0"},
				"west": {"uv": [6.25, 7, 6.5, 7.25], "texture": "#0"},
				"up": {"uv": [8, 4.75, 2, 4.5], "texture": "#0"},
				"down": {"uv": [8, 4.75, 2, 5], "texture": "#0"}
			}
		},
		{
			"from": [18.75, 0, 6.25],
			"to": [22.75, 0.5, 6.75],
			"rotation": {"angle": 0, "axis": "y", "origin": [8.75, 0, -7.75]},
			"faces": {
				"north": {"uv": [2.5, 6.25, 4.5, 6.5], "texture": "#0"},
				"east": {"uv": [6.5, 7, 6.75, 7.25], "texture": "#0"},
				"south": {"uv": [4.5, 6.25, 6.5, 6.5], "texture": "#0"},
				"west": {"uv": [6.75, 7, 7, 7.25], "texture": "#0"},
				"up": {"uv": [4.5, 6.75, 2.5, 6.5], "texture": "#0"},
				"down": {"uv": [6.5, 6.5, 4.5, 6.75], "texture": "#0"}
			}
		},
		{
			"from": [-9.25, 0, 6.25],
			"to": [-5.25, 0.5, 6.75],
			"rotation": {"angle": 0, "axis": "y", "origin": [8.75, 0, -7.75]},
			"faces": {
				"north": {"uv": [6.5, 6.25, 8.5, 6.5], "texture": "#0"},
				"east": {"uv": [7, 7, 7.25, 7.25], "texture": "#0"},
				"south": {"uv": [6.5, 6.5, 8.5, 6.75], "texture": "#0"},
				"west": {"uv": [2.5, 7.25, 2.75, 7.5], "texture": "#0"},
				"up": {"uv": [4.5, 7, 2.5, 6.75], "texture": "#0"},
				"down": {"uv": [6.5, 6.75, 4.5, 7], "texture": "#0"}
			}
		},
		{
			"from": [-9.25, 0, -6.25],
			"to": [2.75, 0.5, -5.75],
			"rotation": {"angle": 0, "axis": "y", "origin": [8.75, 0, -7.75]},
			"faces": {
				"north": {"uv": [2, 5, 8, 5.25], "texture": "#0"},
				"east": {"uv": [2.75, 7.25, 3, 7.5], "texture": "#0"},
				"south": {"uv": [2, 5.25, 8, 5.5], "texture": "#0"},
				"west": {"uv": [3, 7.25, 3.25, 7.5], "texture": "#0"},
				"up": {"uv": [8, 5.75, 2, 5.5], "texture": "#0"},
				"down": {"uv": [8, 5.75, 2, 6], "texture": "#0"}
			}
		},
		{
			"from": [2.25, 0, -14.25],
			"to": [2.75, 0.5, -6.25],
			"rotation": {"angle": 0, "axis": "y", "origin": [8.75, 0, -7.75]},
			"faces": {
				"north": {"uv": [3.25, 7.25, 3.5, 7.5], "texture": "#0"},
				"east": {"uv": [2, 6, 6, 6.25], "texture": "#0"},
				"south": {"uv": [3.5, 7.25, 3.75, 7.5], "texture": "#0"},
				"west": {"uv": [6, 6, 10, 6.25], "texture": "#0"},
				"up": {"uv": [2.25, 10.25, 2, 6.25], "texture": "#0"},
				"down": {"uv": [2.5, 6.25, 2.25, 10.25], "texture": "#0"}
			}
		},
		{
			"from": [22.75, 0, -14.25],
			"to": [23.25, 0.5, 6.75],
			"rotation": {"angle": 0, "axis": "y", "origin": [8.75, 0, -7.75]},
			"faces": {
				"north": {"uv": [3.75, 7.25, 4, 7.5], "texture": "#0"},
				"east": {"uv": [0.5, 0.5, 11, 0.75], "texture": "#0"},
				"south": {"uv": [4, 7.25, 4.25, 7.5], "texture": "#0"},
				"west": {"uv": [0.5, 0.75, 11, 1], "texture": "#0"},
				"up": {"uv": [0.75, 11.5, 0.5, 1], "texture": "#0"},
				"down": {"uv": [1, 1, 0.75, 11.5], "texture": "#0"}
			}
		},
		{
			"from": [18.75, 0, 6.75],
			"to": [19.25, 0.5, 30.75],
			"rotation": {"angle": 0, "axis": "y", "origin": [8.75, 0, -7.75]},
			"faces": {
				"north": {"uv": [4.25, 7.25, 4.5, 7.5], "texture": "#0"},
				"east": {"uv": [0, 0, 12, 0.25], "texture": "#0"},
				"south": {"uv": [5, 7.25, 5.25, 7.5], "texture": "#0"},
				"west": {"uv": [0, 0.25, 12, 0.5], "texture": "#0"},
				"up": {"uv": [0.25, 12.5, 0, 0.5], "texture": "#0"},
				"down": {"uv": [0.5, 0.5, 0.25, 12.5], "texture": "#0"}
			}
		},
		{
			"from": [6.25, 0, 10.75],
			"to": [6.75, 0.5, 30.75],
			"rotation": {"angle": 0, "axis": "y", "origin": [8.75, 0, -7.75]},
			"faces": {
				"north": {"uv": [5.25, 7.25, 5.5, 7.5], "texture": "#0"},
				"east": {"uv": [1, 2, 11, 2.25], "texture": "#0"},
				"south": {"uv": [5.5, 7.25, 5.75, 7.5], "texture": "#0"},
				"west": {"uv": [1, 2.25, 11, 2.5], "texture": "#0"},
				"up": {"uv": [1.25, 12.5, 1, 2.5], "texture": "#0"},
				"down": {"uv": [1.5, 2.5, 1.25, 12.5], "texture": "#0"}
			}
		},
		{
			"from": [-5.75, 0, 6.75],
			"to": [-5.25, 0.5, 10.75],
			"rotation": {"angle": 0, "axis": "y", "origin": [8.75, 0, -7.75]},
			"faces": {
				"north": {"uv": [5.75, 7.25, 6, 7.5], "texture": "#0"},
				"east": {"uv": [6.5, 6.75, 8.5, 7], "texture": "#0"},
				"south": {"uv": [6, 7.25, 6.25, 7.5], "texture": "#0"},
				"west": {"uv": [2.5, 7, 4.5, 7.25], "texture": "#0"},
				"up": {"uv": [4.75, 9, 4.5, 7], "texture": "#0"},
				"down": {"uv": [5, 7, 4.75, 9], "texture": "#0"}
			}
		},
		{
			"from": [-9.75, 0, -6.25],
			"to": [-9.25, 0.5, 6.75],
			"rotation": {"angle": 0, "axis": "y", "origin": [8.75, 0, -7.75]},
			"faces": {
				"north": {"uv": [6.25, 7.25, 6.5, 7.5], "texture": "#0"},
				"east": {"uv": [1.5, 2.5, 8, 2.75], "texture": "#0"},
				"south": {"uv": [6.5, 7.25, 6.75, 7.5], "texture": "#0"},
				"west": {"uv": [1.5, 2.75, 8, 3], "texture": "#0"},
				"up": {"uv": [1.75, 9.5, 1.5, 3], "texture": "#0"},
				"down": {"uv": [2, 3, 1.75, 9.5], "texture": "#0"}
			}
		}
	],
	"groups": [
		{
			"name": "outline",
			"origin": [8.75, 0, -7.75],
			"color": 0,
			"nbt": "{}",
			"children": [0, 1, 2, 3, 4, 5, 6, 7, 8, 9, 10, 11]
		}
	]
}