{
    "ak47-1":{
        "sounds":[
            "cs16:ak47-1"
        ]
    },
    "ak47-2":{
        "sounds":[
            "cs16:ak47-2"
        ]
    },
    "awp":{
        "sounds":[
            "cs16:awp1"
        ]
    },
    "deagle":{
        "sounds":[
            "cs16:deagle-1",
            "cs16:deagle-2"
        ]
    },
    "mp5":{
        "sounds":[
            "cs16:mp5-1"
        ]
    },
    "m3-1":{
        "sounds":[
            "cs16:m3-1"
        ]
    },
    "m4a1_unsil-1":{
        "sounds":[
            "cs16:m4a1_unsil-1"
        ]
    },
    "m4a1_unsil-2":{
        "sounds":[
            "cs16:m4a1_unsil-2"
        ]
    },
    "m4a1-1":{
        "sounds":[
            "cs16:m4a1-1"
        ]
    },
    "m249-1":{
        "sounds":[
            "cs16:m249-1"
        ]
    },
    "m249-2":{
        "sounds":[
            "cs16:m249-2"
        ]
    },
    "usp_unsil-1":{
        "sounds":[
            "cs16:usp_unsil-1"
        ]
    },
    "usp1":{
        "sounds":[
            "cs16:usp1"
        ]
    },
    "usp2":{
        "sounds":[
            "cs16:usp2"
        ]
    }
}