{
	"credit": "Made with Blockbench",
	"texture_size": [32, 32],
	"textures": {
		"0": "block/map_assets/port/stripes"
	},
	"elements": [
		{
			"from": [7, -0.8, -16],
			"to": [9, 0.2, -15],
			"rotation": {"angle": 0, "axis": "y", "origin": [8, 0, -16]},
			"faces": {
				"north": {"uv": [5, 6, 6, 6.5], "texture": "#0"},
				"east": {"uv": [2, 9.5, 2.5, 10], "texture": "#0"},
				"south": {"uv": [6, 5, 7, 5.5], "texture": "#0"},
				"west": {"uv": [2.5, 9.5, 3, 10], "texture": "#0"},
				"up": {"uv": [7, 6, 6, 5.5], "texture": "#0"},
				"down": {"uv": [7, 6, 6, 6.5], "texture": "#0"}
			}
		},
		{
			"from": [9, -0.8, -15],
			"to": [11, 0.2, -13],
			"rotation": {"angle": 0, "axis": "y", "origin": [8, 0, -16]},
			"faces": {
				"north": {"uv": [5, 6.5, 6, 7], "texture": "#0"},
				"east": {"uv": [6, 6.5, 7, 7], "texture": "#0"},
				"south": {"uv": [0, 7, 1, 7.5], "texture": "#0"},
				"west": {"uv": [7, 0, 8, 0.5], "texture": "#0"},
				"up": {"uv": [1, 1, 0, 0], "texture": "#0"},
				"down": {"uv": [1, 1, 0, 2], "texture": "#0"}
			}
		},
		{
			"from": [8, -0.8, -15],
			"to": [9, 0.2, -14],
			"rotation": {"angle": 0, "axis": "y", "origin": [8, 0, -16]},
			"faces": {
				"north": {"uv": [3, 9.5, 3.5, 10], "texture": "#0"},
				"east": {"uv": [3.5, 9.5, 4, 10], "texture": "#0"},
				"south": {"uv": [4, 9.5, 4.5, 10], "texture": "#0"},
				"west": {"uv": [4.5, 9.5, 5, 10], "texture": "#0"},
				"up": {"uv": [5.5, 10, 5, 9.5], "texture": "#0"},
				"down": {"uv": [6, 9.5, 5.5, 10], "texture": "#0"}
			}
		},
		{
			"from": [9, -0.8, -16],
			"to": [10, 0.2, -15],
			"rotation": {"angle": 0, "axis": "y", "origin": [8, 0, -16]},
			"faces": {
				"north": {"uv": [6, 9.5, 6.5, 10], "texture": "#0"},
				"east": {"uv": [6.5, 9.5, 7, 10], "texture": "#0"},
				"south": {"uv": [7, 9.5, 7.5, 10], "texture": "#0"},
				"west": {"uv": [7.5, 9.5, 8, 10], "texture": "#0"},
				"up": {"uv": [8.5, 10, 8, 9.5], "texture": "#0"},
				"down": {"uv": [9, 9.5, 8.5, 10], "texture": "#0"}
			}
		},
		{
			"from": [10, -0.8, -13],
			"to": [11, 0.2, -12],
			"rotation": {"angle": 0, "axis": "y", "origin": [8, 0, -16]},
			"faces": {
				"north": {"uv": [9, 9.5, 9.5, 10], "texture": "#0"},
				"east": {"uv": [9.5, 9.5, 10, 10], "texture": "#0"},
				"south": {"uv": [0, 10, 0.5, 10.5], "texture": "#0"},
				"west": {"uv": [10, 0, 10.5, 0.5], "texture": "#0"},
				"up": {"uv": [1, 10.5, 0.5, 10], "texture": "#0"},
				"down": {"uv": [10.5, 0.5, 10, 1], "texture": "#0"}
			}
		},
		{
			"from": [5, -0.8, -7],
			"to": [7, 0.2, -5],
			"rotation": {"angle": 0, "axis": "y", "origin": [8, 0, -4]},
			"faces": {
				"north": {"uv": [7, 4.5, 8, 5], "texture": "#0"},
				"east": {"uv": [5, 7, 6, 7.5], "texture": "#0"},
				"south": {"uv": [7, 5, 8, 5.5], "texture": "#0"},
				"west": {"uv": [7, 5.5, 8, 6], "texture": "#0"},
				"up": {"uv": [3, 3, 2, 2], "texture": "#0"},
				"down": {"uv": [1, 3, 0, 4], "texture": "#0"}
			}
		},
		{
			"from": [7, -0.8, -5],
			"to": [9, 0.2, -3],
			"rotation": {"angle": 0, "axis": "y", "origin": [8, 0, -4]},
			"faces": {
				"north": {"uv": [6, 7, 7, 7.5], "texture": "#0"},
				"east": {"uv": [7, 6, 8, 6.5], "texture": "#0"},
				"south": {"uv": [7, 6.5, 8, 7], "texture": "#0"},
				"west": {"uv": [7, 7, 8, 7.5], "texture": "#0"},
				"up": {"uv": [4, 1, 3, 0], "texture": "#0"},
				"down": {"uv": [2, 3, 1, 4], "texture": "#0"}
			}
		},
		{
			"from": [9, -0.8, -3],
			"to": [11, 0.2, -1],
			"rotation": {"angle": 0, "axis": "y", "origin": [8, 0, -4]},
			"faces": {
				"north": {"uv": [0, 7.5, 1, 8], "texture": "#0"},
				"east": {"uv": [1, 7.5, 2, 8], "texture": "#0"},
				"south": {"uv": [2, 7.5, 3, 8], "texture": "#0"},
				"west": {"uv": [3, 7.5, 4, 8], "texture": "#0"},
				"up": {"uv": [4, 2, 3, 1], "texture": "#0"},
				"down": {"uv": [3, 3, 2, 4], "texture": "#0"}
			}
		},
		{
			"from": [8, -0.8, -3],
			"to": [9, 0.2, -2],
			"rotation": {"angle": 0, "axis": "y", "origin": [8, 0, -4]},
			"faces": {
				"north": {"uv": [10, 10, 10.5, 10.5], "texture": "#0"},
				"east": {"uv": [0, 10.5, 0.5, 11], "texture": "#0"},
				"south": {"uv": [10.5, 0, 11, 0.5], "texture": "#0"},
				"west": {"uv": [0.5, 10.5, 1, 11], "texture": "#0"},
				"up": {"uv": [11, 1, 10.5, 0.5], "texture": "#0"},
				"down": {"uv": [1.5, 10.5, 1, 11], "texture": "#0"}
			}
		},
		{
			"from": [9, -0.8, -4],
			"to": [10, 0.2, -3],
			"rotation": {"angle": 0, "axis": "y", "origin": [8, 0, -4]},
			"faces": {
				"north": {"uv": [10.5, 1, 11, 1.5], "texture": "#0"},
				"east": {"uv": [1.5, 10.5, 2, 11], "texture": "#0"},
				"south": {"uv": [10.5, 1.5, 11, 2], "texture": "#0"},
				"west": {"uv": [2, 10.5, 2.5, 11], "texture": "#0"},
				"up": {"uv": [11, 2.5, 10.5, 2], "texture": "#0"},
				"down": {"uv": [3, 10.5, 2.5, 11], "texture": "#0"}
			}
		},
		{
			"from": [10, -0.8, -1],
			"to": [11, 0.2, 0],
			"rotation": {"angle": 0, "axis": "y", "origin": [8, 0, -4]},
			"faces": {
				"north": {"uv": [10.5, 2.5, 11, 3], "texture": "#0"},
				"east": {"uv": [3, 10.5, 3.5, 11], "texture": "#0"},
				"south": {"uv": [10.5, 3, 11, 3.5], "texture": "#0"},
				"west": {"uv": [3.5, 10.5, 4, 11], "texture": "#0"},
				"up": {"uv": [11, 4, 10.5, 3.5], "texture": "#0"},
				"down": {"uv": [4.5, 10.5, 4, 11], "texture": "#0"}
			}
		},
		{
			"from": [6, -0.8, -5],
			"to": [7, 0.2, -4],
			"rotation": {"angle": 0, "axis": "y", "origin": [8, 0, -4]},
			"faces": {
				"north": {"uv": [10.5, 4, 11, 4.5], "texture": "#0"},
				"east": {"uv": [4.5, 10.5, 5, 11], "texture": "#0"},
				"south": {"uv": [10.5, 4.5, 11, 5], "texture": "#0"},
				"west": {"uv": [5, 10.5, 5.5, 11], "texture": "#0"},
				"up": {"uv": [11, 5.5, 10.5, 5], "texture": "#0"},
				"down": {"uv": [6, 10.5, 5.5, 11], "texture": "#0"}
			}
		},
		{
			"from": [7, -0.8, -6],
			"to": [8, 0.2, -5],
			"rotation": {"angle": 0, "axis": "y", "origin": [8, 0, -4]},
			"faces": {
				"north": {"uv": [10.5, 5.5, 11, 6], "texture": "#0"},
				"east": {"uv": [6, 10.5, 6.5, 11], "texture": "#0"},
				"south": {"uv": [10.5, 6, 11, 6.5], "texture": "#0"},
				"west": {"uv": [6.5, 10.5, 7, 11], "texture": "#0"},
				"up": {"uv": [11, 7, 10.5, 6.5], "texture": "#0"},
				"down": {"uv": [7.5, 10.5, 7, 11], "texture": "#0"}
			}
		},
		{
			"from": [5, -0.8, -8],
			"to": [6, 0.2, -7],
			"rotation": {"angle": 0, "axis": "y", "origin": [8, 0, -4]},
			"faces": {
				"north": {"uv": [10.5, 7, 11, 7.5], "texture": "#0"},
				"east": {"uv": [7.5, 10.5, 8, 11], "texture": "#0"},
				"south": {"uv": [10.5, 7.5, 11, 8], "texture": "#0"},
				"west": {"uv": [8, 10.5, 8.5, 11], "texture": "#0"},
				"up": {"uv": [11, 8.5, 10.5, 8], "texture": "#0"},
				"down": {"uv": [9, 10.5, 8.5, 11], "texture": "#0"}
			}
		},
		{
			"from": [5, -0.8, 23],
			"to": [7, 0.2, 25],
			"rotation": {"angle": 0, "axis": "y", "origin": [8, 0, 26]},
			"faces": {
				"north": {"uv": [7, 4.5, 8, 5], "texture": "#0"},
				"east": {"uv": [5, 7, 6, 7.5], "texture": "#0"},
				"south": {"uv": [7, 5, 8, 5.5], "texture": "#0"},
				"west": {"uv": [7, 5.5, 8, 6], "texture": "#0"},
				"up": {"uv": [3, 3, 2, 2], "texture": "#0"},
				"down": {"uv": [1, 3, 0, 4], "texture": "#0"}
			}
		},
		{
			"from": [7, -0.8, 25],
			"to": [9, 0.2, 27],
			"rotation": {"angle": 0, "axis": "y", "origin": [8, 0, 26]},
			"faces": {
				"north": {"uv": [6, 7, 7, 7.5], "texture": "#0"},
				"east": {"uv": [7, 6, 8, 6.5], "texture": "#0"},
				"south": {"uv": [7, 6.5, 8, 7], "texture": "#0"},
				"west": {"uv": [7, 7, 8, 7.5], "texture": "#0"},
				"up": {"uv": [4, 1, 3, 0], "texture": "#0"},
				"down": {"uv": [2, 3, 1, 4], "texture": "#0"}
			}
		},
		{
			"from": [9, -0.8, 27],
			"to": [11, 0.2, 29],
			"rotation": {"angle": 0, "axis": "y", "origin": [8, 0, 26]},
			"faces": {
				"north": {"uv": [0, 7.5, 1, 8], "texture": "#0"},
				"east": {"uv": [1, 7.5, 2, 8], "texture": "#0"},
				"south": {"uv": [2, 7.5, 3, 8], "texture": "#0"},
				"west": {"uv": [3, 7.5, 4, 8], "texture": "#0"},
				"up": {"uv": [4, 2, 3, 1], "texture": "#0"},
				"down": {"uv": [3, 3, 2, 4], "texture": "#0"}
			}
		},
		{
			"from": [8, -0.8, 27],
			"to": [9, 0.2, 28],
			"rotation": {"angle": 0, "axis": "y", "origin": [8, 0, 26]},
			"faces": {
				"north": {"uv": [10, 10, 10.5, 10.5], "texture": "#0"},
				"east": {"uv": [0, 10.5, 0.5, 11], "texture": "#0"},
				"south": {"uv": [10.5, 0, 11, 0.5], "texture": "#0"},
				"west": {"uv": [0.5, 10.5, 1, 11], "texture": "#0"},
				"up": {"uv": [11, 1, 10.5, 0.5], "texture": "#0"},
				"down": {"uv": [1.5, 10.5, 1, 11], "texture": "#0"}
			}
		},
		{
			"from": [9, -0.8, 26],
			"to": [10, 0.2, 27],
			"rotation": {"angle": 0, "axis": "y", "origin": [8, 0, 26]},
			"faces": {
				"north": {"uv": [10.5, 1, 11, 1.5], "texture": "#0"},
				"east": {"uv": [1.5, 10.5, 2, 11], "texture": "#0"},
				"south": {"uv": [10.5, 1.5, 11, 2], "texture": "#0"},
				"west": {"uv": [2, 10.5, 2.5, 11], "texture": "#0"},
				"up": {"uv": [11, 2.5, 10.5, 2], "texture": "#0"},
				"down": {"uv": [3, 10.5, 2.5, 11], "texture": "#0"}
			}
		},
		{
			"from": [10, -0.8, 29],
			"to": [11, 0.2, 30],
			"rotation": {"angle": 0, "axis": "y", "origin": [8, 0, 26]},
			"faces": {
				"north": {"uv": [10.5, 2.5, 11, 3], "texture": "#0"},
				"east": {"uv": [3, 10.5, 3.5, 11], "texture": "#0"},
				"south": {"uv": [10.5, 3, 11, 3.5], "texture": "#0"},
				"west": {"uv": [3.5, 10.5, 4, 11], "texture": "#0"},
				"up": {"uv": [11, 4, 10.5, 3.5], "texture": "#0"},
				"down": {"uv": [4.5, 10.5, 4, 11], "texture": "#0"}
			}
		},
		{
			"from": [6, -0.8, 25],
			"to": [7, 0.2, 26],
			"rotation": {"angle": 0, "axis": "y", "origin": [8, 0, 26]},
			"faces": {
				"north": {"uv": [10.5, 4, 11, 4.5], "texture": "#0"},
				"east": {"uv": [4.5, 10.5, 5, 11], "texture": "#0"},
				"south": {"uv": [10.5, 4.5, 11, 5], "texture": "#0"},
				"west": {"uv": [5, 10.5, 5.5, 11], "texture": "#0"},
				"up": {"uv": [11, 5.5, 10.5, 5], "texture": "#0"},
				"down": {"uv": [6, 10.5, 5.5, 11], "texture": "#0"}
			}
		},
		{
			"from": [7, -0.8, 24],
			"to": [8, 0.2, 25],
			"rotation": {"angle": 0, "axis": "y", "origin": [8, 0, 26]},
			"faces": {
				"north": {"uv": [10.5, 5.5, 11, 6], "texture": "#0"},
				"east": {"uv": [6, 10.5, 6.5, 11], "texture": "#0"},
				"south": {"uv": [10.5, 6, 11, 6.5], "texture": "#0"},
				"west": {"uv": [6.5, 10.5, 7, 11], "texture": "#0"},
				"up": {"uv": [11, 7, 10.5, 6.5], "texture": "#0"},
				"down": {"uv": [7.5, 10.5, 7, 11], "texture": "#0"}
			}
		},
		{
			"from": [5, -0.8, 22],
			"to": [6, 0.2, 23],
			"rotation": {"angle": 0, "axis": "y", "origin": [8, 0, 26]},
			"faces": {
				"north": {"uv": [10.5, 7, 11, 7.5], "texture": "#0"},
				"east": {"uv": [7.5, 10.5, 8, 11], "texture": "#0"},
				"south": {"uv": [10.5, 7.5, 11, 8], "texture": "#0"},
				"west": {"uv": [8, 10.5, 8.5, 11], "texture": "#0"},
				"up": {"uv": [11, 8.5, 10.5, 8], "texture": "#0"},
				"down": {"uv": [9, 10.5, 8.5, 11], "texture": "#0"}
			}
		},
		{
			"from": [5, -0.8, 11],
			"to": [7, 0.2, 13],
			"rotation": {"angle": 0, "axis": "y", "origin": [8, 0, 14]},
			"faces": {
				"north": {"uv": [7, 4.5, 8, 5], "texture": "#0"},
				"east": {"uv": [5, 7, 6, 7.5], "texture": "#0"},
				"south": {"uv": [7, 5, 8, 5.5], "texture": "#0"},
				"west": {"uv": [7, 5.5, 8, 6], "texture": "#0"},
				"up": {"uv": [3, 3, 2, 2], "texture": "#0"},
				"down": {"uv": [1, 3, 0, 4], "texture": "#0"}
			}
		},
		{
			"from": [7, -0.8, 13],
			"to": [9, 0.2, 15],
			"rotation": {"angle": 0, "axis": "y", "origin": [8, 0, 14]},
			"faces": {
				"north": {"uv": [6, 7, 7, 7.5], "texture": "#0"},
				"east": {"uv": [7, 6, 8, 6.5], "texture": "#0"},
				"south": {"uv": [7, 6.5, 8, 7], "texture": "#0"},
				"west": {"uv": [7, 7, 8, 7.5], "texture": "#0"},
				"up": {"uv": [4, 1, 3, 0], "texture": "#0"},
				"down": {"uv": [2, 3, 1, 4], "texture": "#0"}
			}
		},
		{
			"from": [9, -0.8, 15],
			"to": [11, 0.2, 17],
			"rotation": {"angle": 0, "axis": "y", "origin": [8, 0, 14]},
			"faces": {
				"north": {"uv": [0, 7.5, 1, 8], "texture": "#0"},
				"east": {"uv": [1, 7.5, 2, 8], "texture": "#0"},
				"south": {"uv": [2, 7.5, 3, 8], "texture": "#0"},
				"west": {"uv": [3, 7.5, 4, 8], "texture": "#0"},
				"up": {"uv": [4, 2, 3, 1], "texture": "#0"},
				"down": {"uv": [3, 3, 2, 4], "texture": "#0"}
			}
		},
		{
			"from": [8, -0.8, 15],
			"to": [9, 0.2, 16],
			"rotation": {"angle": 0, "axis": "y", "origin": [8, 0, 14]},
			"faces": {
				"north": {"uv": [10, 10, 10.5, 10.5], "texture": "#0"},
				"east": {"uv": [0, 10.5, 0.5, 11], "texture": "#0"},
				"south": {"uv": [10.5, 0, 11, 0.5], "texture": "#0"},
				"west": {"uv": [0.5, 10.5, 1, 11], "texture": "#0"},
				"up": {"uv": [11, 1, 10.5, 0.5], "texture": "#0"},
				"down": {"uv": [1.5, 10.5, 1, 11], "texture": "#0"}
			}
		},
		{
			"from": [9, -0.8, 14],
			"to": [10, 0.2, 15],
			"rotation": {"angle": 0, "axis": "y", "origin": [8, 0, 14]},
			"faces": {
				"north": {"uv": [10.5, 1, 11, 1.5], "texture": "#0"},
				"east": {"uv": [1.5, 10.5, 2, 11], "texture": "#0"},
				"south": {"uv": [10.5, 1.5, 11, 2], "texture": "#0"},
				"west": {"uv": [2, 10.5, 2.5, 11], "texture": "#0"},
				"up": {"uv": [11, 2.5, 10.5, 2], "texture": "#0"},
				"down": {"uv": [3, 10.5, 2.5, 11], "texture": "#0"}
			}
		},
		{
			"from": [10, -0.8, 17],
			"to": [11, 0.2, 18],
			"rotation": {"angle": 0, "axis": "y", "origin": [8, 0, 14]},
			"faces": {
				"north": {"uv": [10.5, 2.5, 11, 3], "texture": "#0"},
				"east": {"uv": [3, 10.5, 3.5, 11], "texture": "#0"},
				"south": {"uv": [10.5, 3, 11, 3.5], "texture": "#0"},
				"west": {"uv": [3.5, 10.5, 4, 11], "texture": "#0"},
				"up": {"uv": [11, 4, 10.5, 3.5], "texture": "#0"},
				"down": {"uv": [4.5, 10.5, 4, 11], "texture": "#0"}
			}
		},
		{
			"from": [6, -0.8, 13],
			"to": [7, 0.2, 14],
			"rotation": {"angle": 0, "axis": "y", "origin": [8, 0, 14]},
			"faces": {
				"north": {"uv": [10.5, 4, 11, 4.5], "texture": "#0"},
				"east": {"uv": [4.5, 10.5, 5, 11], "texture": "#0"},
				"south": {"uv": [10.5, 4.5, 11, 5], "texture": "#0"},
				"west": {"uv": [5, 10.5, 5.5, 11], "texture": "#0"},
				"up": {"uv": [11, 5.5, 10.5, 5], "texture": "#0"},
				"down": {"uv": [6, 10.5, 5.5, 11], "texture": "#0"}
			}
		},
		{
			"from": [7, -0.8, 12],
			"to": [8, 0.2, 13],
			"rotation": {"angle": 0, "axis": "y", "origin": [8, 0, 14]},
			"faces": {
				"north": {"uv": [10.5, 5.5, 11, 6], "texture": "#0"},
				"east": {"uv": [6, 10.5, 6.5, 11], "texture": "#0"},
				"south": {"uv": [10.5, 6, 11, 6.5], "texture": "#0"},
				"west": {"uv": [6.5, 10.5, 7, 11], "texture": "#0"},
				"up": {"uv": [11, 7, 10.5, 6.5], "texture": "#0"},
				"down": {"uv": [7.5, 10.5, 7, 11], "texture": "#0"}
			}
		},
		{
			"from": [5, -0.8, 10],
			"to": [6, 0.2, 11],
			"rotation": {"angle": 0, "axis": "y", "origin": [8, 0, 14]},
			"faces": {
				"north": {"uv": [10.5, 7, 11, 7.5], "texture": "#0"},
				"east": {"uv": [7.5, 10.5, 8, 11], "texture": "#0"},
				"south": {"uv": [10.5, 7.5, 11, 8], "texture": "#0"},
				"west": {"uv": [8, 10.5, 8.5, 11], "texture": "#0"},
				"up": {"uv": [11, 8.5, 10.5, 8], "texture": "#0"},
				"down": {"uv": [9, 10.5, 8.5, 11], "texture": "#0"}
			}
		},
		{
			"from": [5, -0.8, 29],
			"to": [7, 0.2, 31],
			"rotation": {"angle": 0, "axis": "y", "origin": [8, 0, 32]},
			"faces": {
				"north": {"uv": [4, 7.5, 5, 8], "texture": "#0"},
				"east": {"uv": [5, 7.5, 6, 8], "texture": "#0"},
				"south": {"uv": [6, 7.5, 7, 8], "texture": "#0"},
				"west": {"uv": [7, 7.5, 8, 8], "texture": "#0"},
				"up": {"uv": [4, 3, 3, 2], "texture": "#0"},
				"down": {"uv": [4, 3, 3, 4], "texture": "#0"}
			}
		},
		{
			"from": [7, -0.8, 31],
			"to": [9, 0.2, 32],
			"rotation": {"angle": 0, "axis": "y", "origin": [8, 0, 32]},
			"faces": {
				"north": {"uv": [0, 8, 1, 8.5], "texture": "#0"},
				"east": {"uv": [10.5, 8.5, 11, 9], "texture": "#0"},
				"south": {"uv": [8, 0, 9, 0.5], "texture": "#0"},
				"west": {"uv": [9, 10.5, 9.5, 11], "texture": "#0"},
				"up": {"uv": [9, 1, 8, 0.5], "texture": "#0"},
				"down": {"uv": [2, 8, 1, 8.5], "texture": "#0"}
			}
		},
		{
			"from": [6, -0.8, 31],
			"to": [7, 0.2, 32],
			"rotation": {"angle": 0, "axis": "y", "origin": [8, 0, 32]},
			"faces": {
				"north": {"uv": [10.5, 9, 11, 9.5], "texture": "#0"},
				"east": {"uv": [9.5, 10.5, 10, 11], "texture": "#0"},
				"south": {"uv": [10.5, 9.5, 11, 10], "texture": "#0"},
				"west": {"uv": [10, 10.5, 10.5, 11], "texture": "#0"},
				"up": {"uv": [11, 10.5, 10.5, 10], "texture": "#0"},
				"down": {"uv": [11, 10.5, 10.5, 11], "texture": "#0"}
			}
		},
		{
			"from": [7, -0.8, 30],
			"to": [8, 0.2, 31],
			"rotation": {"angle": 0, "axis": "y", "origin": [8, 0, 32]},
			"faces": {
				"north": {"uv": [0, 11, 0.5, 11.5], "texture": "#0"},
				"east": {"uv": [11, 0, 11.5, 0.5], "texture": "#0"},
				"south": {"uv": [0.5, 11, 1, 11.5], "texture": "#0"},
				"west": {"uv": [11, 0.5, 11.5, 1], "texture": "#0"},
				"up": {"uv": [1.5, 11.5, 1, 11], "texture": "#0"},
				"down": {"uv": [11.5, 1, 11, 1.5], "texture": "#0"}
			}
		},
		{
			"from": [5, -0.8, 28],
			"to": [6, 0.2, 29],
			"rotation": {"angle": 0, "axis": "y", "origin": [8, 0, 32]},
			"faces": {
				"north": {"uv": [1.5, 11, 2, 11.5], "texture": "#0"},
				"east": {"uv": [11, 1.5, 11.5, 2], "texture": "#0"},
				"south": {"uv": [2, 11, 2.5, 11.5], "texture": "#0"},
				"west": {"uv": [11, 2, 11.5, 2.5], "texture": "#0"},
				"up": {"uv": [3, 11.5, 2.5, 11], "texture": "#0"},
				"down": {"uv": [11.5, 2.5, 11, 3], "texture": "#0"}
			}
		},
		{
			"from": [5, -0.8, 17],
			"to": [7, 0.2, 19],
			"rotation": {"angle": 0, "axis": "y", "origin": [8, 0, 20]},
			"faces": {
				"north": {"uv": [8, 5, 9, 5.5], "texture": "#0"},
				"east": {"uv": [8, 5.5, 9, 6], "texture": "#0"},
				"south": {"uv": [6, 8, 7, 8.5], "texture": "#0"},
				"west": {"uv": [8, 6, 9, 6.5], "texture": "#0"},
				"up": {"uv": [4, 5, 3, 4], "texture": "#0"},
				"down": {"uv": [5, 3, 4, 4], "texture": "#0"}
			}
		},
		{
			"from": [7, -0.8, 19],
			"to": [9, 0.2, 21],
			"rotation": {"angle": 0, "axis": "y", "origin": [8, 0, 20]},
			"faces": {
				"north": {"uv": [8, 6.5, 9, 7], "texture": "#0"},
				"east": {"uv": [7, 8, 8, 8.5], "texture": "#0"},
				"south": {"uv": [8, 7, 9, 7.5], "texture": "#0"},
				"west": {"uv": [8, 7.5, 9, 8], "texture": "#0"},
				"up": {"uv": [5, 5, 4, 4], "texture": "#0"},
				"down": {"uv": [1, 5, 0, 6], "texture": "#0"}
			}
		},
		{
			"from": [9, -0.8, 21],
			"to": [11, 0.2, 23],
			"rotation": {"angle": 0, "axis": "y", "origin": [8, 0, 20]},
			"faces": {
				"north": {"uv": [8, 8, 9, 8.5], "texture": "#0"},
				"east": {"uv": [0, 8.5, 1, 9], "texture": "#0"},
				"south": {"uv": [1, 8.5, 2, 9], "texture": "#0"},
				"west": {"uv": [2, 8.5, 3, 9], "texture": "#0"},
				"up": {"uv": [6, 1, 5, 0], "texture": "#0"},
				"down": {"uv": [2, 5, 1, 6], "texture": "#0"}
			}
		},
		{
			"from": [8, -0.8, 21],
			"to": [9, 0.2, 22],
			"rotation": {"angle": 0, "axis": "y", "origin": [8, 0, 20]},
			"faces": {
				"north": {"uv": [11.5, 0.5, 12, 1], "texture": "#0"},
				"east": {"uv": [1, 11.5, 1.5, 12], "texture": "#0"},
				"south": {"uv": [11.5, 1, 12, 1.5], "texture": "#0"},
				"west": {"uv": [1.5, 11.5, 2, 12], "texture": "#0"},
				"up": {"uv": [12, 2, 11.5, 1.5], "texture": "#0"},
				"down": {"uv": [2.5, 11.5, 2, 12], "texture": "#0"}
			}
		},
		{
			"from": [9, -0.8, 20],
			"to": [10, 0.2, 21],
			"rotation": {"angle": 0, "axis": "y", "origin": [8, 0, 20]},
			"faces": {
				"north": {"uv": [11.5, 2, 12, 2.5], "texture": "#0"},
				"east": {"uv": [2.5, 11.5, 3, 12], "texture": "#0"},
				"south": {"uv": [11.5, 2.5, 12, 3], "texture": "#0"},
				"west": {"uv": [3, 11.5, 3.5, 12], "texture": "#0"},
				"up": {"uv": [12, 3.5, 11.5, 3], "texture": "#0"},
				"down": {"uv": [4, 11.5, 3.5, 12], "texture": "#0"}
			}
		},
		{
			"from": [10, -0.8, 23],
			"to": [11, 0.2, 24],
			"rotation": {"angle": 0, "axis": "y", "origin": [8, 0, 20]},
			"faces": {
				"north": {"uv": [11.5, 3.5, 12, 4], "texture": "#0"},
				"east": {"uv": [4, 11.5, 4.5, 12], "texture": "#0"},
				"south": {"uv": [11.5, 4, 12, 4.5], "texture": "#0"},
				"west": {"uv": [4.5, 11.5, 5, 12], "texture": "#0"},
				"up": {"uv": [12, 5, 11.5, 4.5], "texture": "#0"},
				"down": {"uv": [5.5, 11.5, 5, 12], "texture": "#0"}
			}
		},
		{
			"from": [6, -0.8, 19],
			"to": [7, 0.2, 20],
			"rotation": {"angle": 0, "axis": "y", "origin": [8, 0, 20]},
			"faces": {
				"north": {"uv": [11.5, 5, 12, 5.5], "texture": "#0"},
				"east": {"uv": [5.5, 11.5, 6, 12], "texture": "#0"},
				"south": {"uv": [11.5, 5.5, 12, 6], "texture": "#0"},
				"west": {"uv": [6, 11.5, 6.5, 12], "texture": "#0"},
				"up": {"uv": [12, 6.5, 11.5, 6], "texture": "#0"},
				"down": {"uv": [7, 11.5, 6.5, 12], "texture": "#0"}
			}
		},
		{
			"from": [7, -0.8, 18],
			"to": [8, 0.2, 19],
			"rotation": {"angle": 0, "axis": "y", "origin": [8, 0, 20]},
			"faces": {
				"north": {"uv": [11.5, 6.5, 12, 7], "texture": "#0"},
				"east": {"uv": [7, 11.5, 7.5, 12], "texture": "#0"},
				"south": {"uv": [11.5, 7, 12, 7.5], "texture": "#0"},
				"west": {"uv": [7.5, 11.5, 8, 12], "texture": "#0"},
				"up": {"uv": [12, 8, 11.5, 7.5], "texture": "#0"},
				"down": {"uv": [8.5, 11.5, 8, 12], "texture": "#0"}
			}
		},
		{
			"from": [5, -0.8, 16],
			"to": [6, 0.2, 17],
			"rotation": {"angle": 0, "axis": "y", "origin": [8, 0, 20]},
			"faces": {
				"north": {"uv": [11.5, 8, 12, 8.5], "texture": "#0"},
				"east": {"uv": [8.5, 11.5, 9, 12], "texture": "#0"},
				"south": {"uv": [11.5, 8.5, 12, 9], "texture": "#0"},
				"west": {"uv": [9, 11.5, 9.5, 12], "texture": "#0"},
				"up": {"uv": [12, 9.5, 11.5, 9], "texture": "#0"},
				"down": {"uv": [10, 11.5, 9.5, 12], "texture": "#0"}
			}
		},
		{
			"from": [5, -0.8, -1],
			"to": [7, 0.2, 1],
			"rotation": {"angle": 0, "axis": "y", "origin": [8, 0, 2]},
			"faces": {
				"north": {"uv": [8, 5, 9, 5.5], "texture": "#0"},
				"east": {"uv": [8, 5.5, 9, 6], "texture": "#0"},
				"south": {"uv": [6, 8, 7, 8.5], "texture": "#0"},
				"west": {"uv": [8, 6, 9, 6.5], "texture": "#0"},
				"up": {"uv": [4, 5, 3, 4], "texture": "#0"},
				"down": {"uv": [5, 3, 4, 4], "texture": "#0"}
			}
		},
		{
			"from": [7, -0.8, 1],
			"to": [9, 0.2, 3],
			"rotation": {"angle": 0, "axis": "y", "origin": [8, 0, 2]},
			"faces": {
				"north": {"uv": [8, 6.5, 9, 7], "texture": "#0"},
				"east": {"uv": [7, 8, 8, 8.5], "texture": "#0"},
				"south": {"uv": [8, 7, 9, 7.5], "texture": "#0"},
				"west": {"uv": [8, 7.5, 9, 8], "texture": "#0"},
				"up": {"uv": [5, 5, 4, 4], "texture": "#0"},
				"down": {"uv": [1, 5, 0, 6], "texture": "#0"}
			}
		},
		{
			"from": [9, -0.8, 3],
			"to": [11, 0.2, 5],
			"rotation": {"angle": 0, "axis": "y", "origin": [8, 0, 2]},
			"faces": {
				"north": {"uv": [8, 8, 9, 8.5], "texture": "#0"},
				"east": {"uv": [0, 8.5, 1, 9], "texture": "#0"},
				"south": {"uv": [1, 8.5, 2, 9], "texture": "#0"},
				"west": {"uv": [2, 8.5, 3, 9], "texture": "#0"},
				"up": {"uv": [6, 1, 5, 0], "texture": "#0"},
				"down": {"uv": [2, 5, 1, 6], "texture": "#0"}
			}
		},
		{
			"from": [8, -0.8, 3],
			"to": [9, 0.2, 4],
			"rotation": {"angle": 0, "axis": "y", "origin": [8, 0, 2]},
			"faces": {
				"north": {"uv": [11.5, 0.5, 12, 1], "texture": "#0"},
				"east": {"uv": [1, 11.5, 1.5, 12], "texture": "#0"},
				"south": {"uv": [11.5, 1, 12, 1.5], "texture": "#0"},
				"west": {"uv": [1.5, 11.5, 2, 12], "texture": "#0"},
				"up": {"uv": [12, 2, 11.5, 1.5], "texture": "#0"},
				"down": {"uv": [2.5, 11.5, 2, 12], "texture": "#0"}
			}
		},
		{
			"from": [9, -0.8, 2],
			"to": [10, 0.2, 3],
			"rotation": {"angle": 0, "axis": "y", "origin": [8, 0, 2]},
			"faces": {
				"north": {"uv": [11.5, 2, 12, 2.5], "texture": "#0"},
				"east": {"uv": [2.5, 11.5, 3, 12], "texture": "#0"},
				"south": {"uv": [11.5, 2.5, 12, 3], "texture": "#0"},
				"west": {"uv": [3, 11.5, 3.5, 12], "texture": "#0"},
				"up": {"uv": [12, 3.5, 11.5, 3], "texture": "#0"},
				"down": {"uv": [4, 11.5, 3.5, 12], "texture": "#0"}
			}
		},
		{
			"from": [10, -0.8, 5],
			"to": [11, 0.2, 6],
			"rotation": {"angle": 0, "axis": "y", "origin": [8, 0, 2]},
			"faces": {
				"north": {"uv": [11.5, 3.5, 12, 4], "texture": "#0"},
				"east": {"uv": [4, 11.5, 4.5, 12], "texture": "#0"},
				"south": {"uv": [11.5, 4, 12, 4.5], "texture": "#0"},
				"west": {"uv": [4.5, 11.5, 5, 12], "texture": "#0"},
				"up": {"uv": [12, 5, 11.5, 4.5], "texture": "#0"},
				"down": {"uv": [5.5, 11.5, 5, 12], "texture": "#0"}
			}
		},
		{
			"from": [6, -0.8, 1],
			"to": [7, 0.2, 2],
			"rotation": {"angle": 0, "axis": "y", "origin": [8, 0, 2]},
			"faces": {
				"north": {"uv": [11.5, 5, 12, 5.5], "texture": "#0"},
				"east": {"uv": [5.5, 11.5, 6, 12], "texture": "#0"},
				"south": {"uv": [11.5, 5.5, 12, 6], "texture": "#0"},
				"west": {"uv": [6, 11.5, 6.5, 12], "texture": "#0"},
				"up": {"uv": [12, 6.5, 11.5, 6], "texture": "#0"},
				"down": {"uv": [7, 11.5, 6.5, 12], "texture": "#0"}
			}
		},
		{
			"from": [7, -0.8, 0],
			"to": [8, 0.2, 1],
			"rotation": {"angle": 0, "axis": "y", "origin": [8, 0, 2]},
			"faces": {
				"north": {"uv": [11.5, 6.5, 12, 7], "texture": "#0"},
				"east": {"uv": [7, 11.5, 7.5, 12], "texture": "#0"},
				"south": {"uv": [11.5, 7, 12, 7.5], "texture": "#0"},
				"west": {"uv": [7.5, 11.5, 8, 12], "texture": "#0"},
				"up": {"uv": [12, 8, 11.5, 7.5], "texture": "#0"},
				"down": {"uv": [8.5, 11.5, 8, 12], "texture": "#0"}
			}
		},
		{
			"from": [5, -0.8, -2],
			"to": [6, 0.2, -1],
			"rotation": {"angle": 0, "axis": "y", "origin": [8, 0, 2]},
			"faces": {
				"north": {"uv": [11.5, 8, 12, 8.5], "texture": "#0"},
				"east": {"uv": [8.5, 11.5, 9, 12], "texture": "#0"},
				"south": {"uv": [11.5, 8.5, 12, 9], "texture": "#0"},
				"west": {"uv": [9, 11.5, 9.5, 12], "texture": "#0"},
				"up": {"uv": [12, 9.5, 11.5, 9], "texture": "#0"},
				"down": {"uv": [10, 11.5, 9.5, 12], "texture": "#0"}
			}
		},
		{
			"from": [5, -0.8, 5],
			"to": [7, 0.2, 7],
			"rotation": {"angle": 0, "axis": "y", "origin": [8, 0, 8]},
			"faces": {
				"north": {"uv": [6, 9, 7, 9.5], "texture": "#0"},
				"east": {"uv": [9, 6, 10, 6.5], "texture": "#0"},
				"south": {"uv": [9, 6.5, 10, 7], "texture": "#0"},
				"west": {"uv": [7, 9, 8, 9.5], "texture": "#0"},
				"up": {"uv": [3, 7, 2, 6], "texture": "#0"},
				"down": {"uv": [7, 2, 6, 3], "texture": "#0"}
			}
		},
		{
			"from": [7, -0.8, 7],
			"to": [9, 0.2, 9],
			"rotation": {"angle": 0, "axis": "y", "origin": [8, 0, 8]},
			"faces": {
				"north": {"uv": [9, 7, 10, 7.5], "texture": "#0"},
				"east": {"uv": [9, 7.5, 10, 8], "texture": "#0"},
				"south": {"uv": [8, 9, 9, 9.5], "texture": "#0"},
				"west": {"uv": [9, 8, 10, 8.5], "texture": "#0"},
				"up": {"uv": [4, 7, 3, 6], "texture": "#0"},
				"down": {"uv": [7, 3, 6, 4], "texture": "#0"}
			}
		},
		{
			"from": [9, -0.8, 9],
			"to": [11, 0.2, 11],
			"rotation": {"angle": 0, "axis": "y", "origin": [8, 0, 8]},
			"faces": {
				"north": {"uv": [9, 8.5, 10, 9], "texture": "#0"},
				"east": {"uv": [9, 9, 10, 9.5], "texture": "#0"},
				"south": {"uv": [0, 9.5, 1, 10], "texture": "#0"},
				"west": {"uv": [1, 9.5, 2, 10], "texture": "#0"},
				"up": {"uv": [5, 7, 4, 6], "texture": "#0"},
				"down": {"uv": [7, 4, 6, 5], "texture": "#0"}
			}
		},
		{
			"from": [8, -0.8, 9],
			"to": [9, 0.2, 10],
			"rotation": {"angle": 0, "axis": "y", "origin": [8, 0, 8]},
			"faces": {
				"north": {"uv": [12.5, 3.5, 13, 4], "texture": "#0"},
				"east": {"uv": [4, 12.5, 4.5, 13], "texture": "#0"},
				"south": {"uv": [12.5, 4, 13, 4.5], "texture": "#0"},
				"west": {"uv": [4.5, 12.5, 5, 13], "texture": "#0"},
				"up": {"uv": [13, 5, 12.5, 4.5], "texture": "#0"},
				"down": {"uv": [5.5, 12.5, 5, 13], "texture": "#0"}
			}
		},
		{
			"from": [9, -0.8, 8],
			"to": [10, 0.2, 9],
			"rotation": {"angle": 0, "axis": "y", "origin": [8, 0, 8]},
			"faces": {
				"north": {"uv": [12.5, 5, 13, 5.5], "texture": "#0"},
				"east": {"uv": [5.5, 12.5, 6, 13], "texture": "#0"},
				"south": {"uv": [12.5, 5.5, 13, 6], "texture": "#0"},
				"west": {"uv": [6, 12.5, 6.5, 13], "texture": "#0"},
				"up": {"uv": [13, 6.5, 12.5, 6], "texture": "#0"},
				"down": {"uv": [7, 12.5, 6.5, 13], "texture": "#0"}
			}
		},
		{
			"from": [10, -0.8, 11],
			"to": [11, 0.2, 12],
			"rotation": {"angle": 0, "axis": "y", "origin": [8, 0, 8]},
			"faces": {
				"north": {"uv": [12.5, 6.5, 13, 7], "texture": "#0"},
				"east": {"uv": [7, 12.5, 7.5, 13], "texture": "#0"},
				"south": {"uv": [12.5, 7, 13, 7.5], "texture": "#0"},
				"west": {"uv": [7.5, 12.5, 8, 13], "texture": "#0"},
				"up": {"uv": [13, 8, 12.5, 7.5], "texture": "#0"},
				"down": {"uv": [8.5, 12.5, 8, 13], "texture": "#0"}
			}
		},
		{
			"from": [6, -0.8, 7],
			"to": [7, 0.2, 8],
			"rotation": {"angle": 0, "axis": "y", "origin": [8, 0, 8]},
			"faces": {
				"north": {"uv": [12.5, 8, 13, 8.5], "texture": "#0"},
				"east": {"uv": [8.5, 12.5, 9, 13], "texture": "#0"},
				"south": {"uv": [12.5, 8.5, 13, 9], "texture": "#0"},
				"west": {"uv": [9, 12.5, 9.5, 13], "texture": "#0"},
				"up": {"uv": [13, 9.5, 12.5, 9], "texture": "#0"},
				"down": {"uv": [10, 12.5, 9.5, 13], "texture": "#0"}
			}
		},
		{
			"from": [7, -0.8, 6],
			"to": [8, 0.2, 7],
			"rotation": {"angle": 0, "axis": "y", "origin": [8, 0, 8]},
			"faces": {
				"north": {"uv": [12.5, 9.5, 13, 10], "texture": "#0"},
				"east": {"uv": [10, 12.5, 10.5, 13], "texture": "#0"},
				"south": {"uv": [12.5, 10, 13, 10.5], "texture": "#0"},
				"west": {"uv": [10.5, 12.5, 11, 13], "texture": "#0"},
				"up": {"uv": [13, 11, 12.5, 10.5], "texture": "#0"},
				"down": {"uv": [11.5, 12.5, 11, 13], "texture": "#0"}
			}
		},
		{
			"from": [5, -0.8, 4],
			"to": [6, 0.2, 5],
			"rotation": {"angle": 0, "axis": "y", "origin": [8, 0, 8]},
			"faces": {
				"north": {"uv": [12.5, 11, 13, 11.5], "texture": "#0"},
				"east": {"uv": [11.5, 12.5, 12, 13], "texture": "#0"},
				"south": {"uv": [12.5, 11.5, 13, 12], "texture": "#0"},
				"west": {"uv": [12, 12.5, 12.5, 13], "texture": "#0"},
				"up": {"uv": [13, 12.5, 12.5, 12], "texture": "#0"},
				"down": {"uv": [13, 12.5, 12.5, 13], "texture": "#0"}
			}
		},
		{
			"from": [5, -0.8, -13],
			"to": [7, 0.2, -11],
			"rotation": {"angle": 0, "axis": "y", "origin": [8, 0, -10]},
			"faces": {
				"north": {"uv": [6, 9, 7, 9.5], "texture": "#0"},
				"east": {"uv": [9, 6, 10, 6.5], "texture": "#0"},
				"south": {"uv": [9, 6.5, 10, 7], "texture": "#0"},
				"west": {"uv": [7, 9, 8, 9.5], "texture": "#0"},
				"up": {"uv": [3, 7, 2, 6], "texture": "#0"},
				"down": {"uv": [7, 2, 6, 3], "texture": "#0"}
			}
		},
		{
			"from": [7, -0.8, -11],
			"to": [9, 0.2, -9],
			"rotation": {"angle": 0, "axis": "y", "origin": [8, 0, -10]},
			"faces": {
				"north": {"uv": [9, 7, 10, 7.5], "texture": "#0"},
				"east": {"uv": [9, 7.5, 10, 8], "texture": "#0"},
				"south": {"uv": [8, 9, 9, 9.5], "texture": "#0"},
				"west": {"uv": [9, 8, 10, 8.5], "texture": "#0"},
				"up": {"uv": [4, 7, 3, 6], "texture": "#0"},
				"down": {"uv": [7, 3, 6, 4], "texture": "#0"}
			}
		},
		{
			"from": [9, -0.8, -9],
			"to": [11, 0.2, -7],
			"rotation": {"angle": 0, "axis": "y", "origin": [8, 0, -10]},
			"faces": {
				"north": {"uv": [9, 8.5, 10, 9], "texture": "#0"},
				"east": {"uv": [9, 9, 10, 9.5], "texture": "#0"},
				"south": {"uv": [0, 9.5, 1, 10], "texture": "#0"},
				"west": {"uv": [1, 9.5, 2, 10], "texture": "#0"},
				"up": {"uv": [5, 7, 4, 6], "texture": "#0"},
				"down": {"uv": [7, 4, 6, 5], "texture": "#0"}
			}
		},
		{
			"from": [8, -0.8, -9],
			"to": [9, 0.2, -8],
			"rotation": {"angle": 0, "axis": "y", "origin": [8, 0, -10]},
			"faces": {
				"north": {"uv": [12.5, 3.5, 13, 4], "texture": "#0"},
				"east": {"uv": [4, 12.5, 4.5, 13], "texture": "#0"},
				"south": {"uv": [12.5, 4, 13, 4.5], "texture": "#0"},
				"west": {"uv": [4.5, 12.5, 5, 13], "texture": "#0"},
				"up": {"uv": [13, 5, 12.5, 4.5], "texture": "#0"},
				"down": {"uv": [5.5, 12.5, 5, 13], "texture": "#0"}
			}
		},
		{
			"from": [9, -0.8, -10],
			"to": [10, 0.2, -9],
			"rotation": {"angle": 0, "axis": "y", "origin": [8, 0, -10]},
			"faces": {
				"north": {"uv": [12.5, 5, 13, 5.5], "texture": "#0"},
				"east": {"uv": [5.5, 12.5, 6, 13], "texture": "#0"},
				"south": {"uv": [12.5, 5.5, 13, 6], "texture": "#0"},
				"west": {"uv": [6, 12.5, 6.5, 13], "texture": "#0"},
				"up": {"uv": [13, 6.5, 12.5, 6], "texture": "#0"},
				"down": {"uv": [7, 12.5, 6.5, 13], "texture": "#0"}
			}
		},
		{
			"from": [10, -0.8, -7],
			"to": [11, 0.2, -6],
			"rotation": {"angle": 0, "axis": "y", "origin": [8, 0, -10]},
			"faces": {
				"north": {"uv": [12.5, 6.5, 13, 7], "texture": "#0"},
				"east": {"uv": [7, 12.5, 7.5, 13], "texture": "#0"},
				"south": {"uv": [12.5, 7, 13, 7.5], "texture": "#0"},
				"west": {"uv": [7.5, 12.5, 8, 13], "texture": "#0"},
				"up": {"uv": [13, 8, 12.5, 7.5], "texture": "#0"},
				"down": {"uv": [8.5, 12.5, 8, 13], "texture": "#0"}
			}
		},
		{
			"from": [6, -0.8, -11],
			"to": [7, 0.2, -10],
			"rotation": {"angle": 0, "axis": "y", "origin": [8, 0, -10]},
			"faces": {
				"north": {"uv": [12.5, 8, 13, 8.5], "texture": "#0"},
				"east": {"uv": [8.5, 12.5, 9, 13], "texture": "#0"},
				"south": {"uv": [12.5, 8.5, 13, 9], "texture": "#0"},
				"west": {"uv": [9, 12.5, 9.5, 13], "texture": "#0"},
				"up": {"uv": [13, 9.5, 12.5, 9], "texture": "#0"},
				"down": {"uv": [10, 12.5, 9.5, 13], "texture": "#0"}
			}
		},
		{
			"from": [7, -0.8, -12],
			"to": [8, 0.2, -11],
			"rotation": {"angle": 0, "axis": "y", "origin": [8, 0, -10]},
			"faces": {
				"north": {"uv": [12.5, 9.5, 13, 10], "texture": "#0"},
				"east": {"uv": [10, 12.5, 10.5, 13], "texture": "#0"},
				"south": {"uv": [12.5, 10, 13, 10.5], "texture": "#0"},
				"west": {"uv": [10.5, 12.5, 11, 13], "texture": "#0"},
				"up": {"uv": [13, 11, 12.5, 10.5], "texture": "#0"},
				"down": {"uv": [11.5, 12.5, 11, 13], "texture": "#0"}
			}
		},
		{
			"from": [5, -0.8, -14],
			"to": [6, 0.2, -13],
			"rotation": {"angle": 0, "axis": "y", "origin": [8, 0, -10]},
			"faces": {
				"north": {"uv": [12.5, 11, 13, 11.5], "texture": "#0"},
				"east": {"uv": [11.5, 12.5, 12, 13], "texture": "#0"},
				"south": {"uv": [12.5, 11.5, 13, 12], "texture": "#0"},
				"west": {"uv": [12, 12.5, 12.5, 13], "texture": "#0"},
				"up": {"uv": [13, 12.5, 12.5, 12], "texture": "#0"},
				"down": {"uv": [13, 12.5, 12.5, 13], "texture": "#0"}
			}
		}
	],
	"display": {
		"firstperson_righthand": {
			"rotation": [90, 91, 0],
			"translation": [-8.75, -5.25, 0],
			"scale": [1.4, 1.4, 1.4]
		},
		"ground": {
			"translation": [0, 5.75, 0]
		}
	},
	"groups": [
		{
			"name": "bone10",
			"origin": [8, 0, 8],
			"color": 0,
			"nbt": "{}",
			"children": [
				{
					"name": "bone8",
					"origin": [8, 0, -16],
					"color": 0,
					"nbt": "{}",
					"children": [0, 1, 2, 3, 4]
				},
				{
					"name": "bone6",
					"origin": [8, 0, -4],
					"color": 0,
					"nbt": "{}",
					"children": [5, 6, 7, 8, 9, 10, 11, 12, 13]
				},
				{
					"name": "bone7",
					"origin": [8, 0, 26],
					"color": 0,
					"nbt": "{}",
					"children": [14, 15, 16, 17, 18, 19, 20, 21, 22]
				},
				{
					"name": "bone2",
					"origin": [8, 0, 14],
					"color": 0,
					"nbt": "{}",
					"children": [23, 24, 25, 26, 27, 28, 29, 30, 31]
				},
				{
					"name": "bone9",
					"origin": [8, 0, 32],
					"color": 0,
					"nbt": "{}",
					"children": [32, 33, 34, 35, 36]
				},
				{
					"name": "bone4",
					"origin": [8, 0, 20],
					"color": 0,
					"nbt": "{}",
					"children": [37, 38, 39, 40, 41, 42, 43, 44, 45]
				},
				{
					"name": "bone5",
					"origin": [8, 0, 2],
					"color": 0,
					"nbt": "{}",
					"children": [46, 47, 48, 49, 50, 51, 52, 53, 54]
				},
				{
					"name": "bone",
					"origin": [8, 0, 8],
					"color": 0,
					"nbt": "{}",
					"children": [55, 56, 57, 58, 59, 60, 61, 62, 63]
				},
				{
					"name": "bone3",
					"origin": [8, 0, -10],
					"color": 0,
					"nbt": "{}",
					"children": [64, 65, 66, 67, 68, 69, 70, 71, 72]
				}
			]
		}
	]
}